fips,lat,lon,cen_pop,src
01001,32.500194,-86.487813,58805,cenpop2020
01003,30.537396,-87.761478,231767,cenpop2020
01005,31.843981,-85.301306,25223,cenpop2020
01007,33.032236,-87.136826,22293,cenpop2020
01009,33.954604,-86.592667,59134,cenpop2020
01011,32.115838,-85.702354,10357,cenpop2020
01013,31.776019,-86.6524,19051,cenpop2020
01015,33.727215,-85.817974,116441,cenpop2020
01017,32.85644,-85.25964,34772,cenpop2020
01019,34.180501,-85.629887,24971,cenpop2020
01021,32.879146,-86.688861,45014,cenpop2020
01023,32.016121,-88.262482,12665,cenpop2020
01025,31.683493,-87.815868,23087,cenpop2020
01027,33.274342,-85.817245,14236,cenpop2020
01029,33.625217,-85.495748,15056,cenpop2020
01031,31.353217,-85.899556,53465,cenpop2020
01033,34.724339,-87.681892,57227,cenpop2020
01035,31.41643,-86.997537,11597,cenpop2020
01037,32.976884,-86.156212,10387,cenpop2020
01039,31.284146,-86.409203,37570,cenpop2020
01041,31.747324,-86.296787,13194,cenpop2020
01043,34.162652,-86.83269,87866,cenpop2020
01045,31.383858,-85.63771,49326,cenpop2020
01047,32.411818,-87.035342,38462,cenpop2020
01049,34.452725,-85.817465,71608,cenpop2020
01051,32.558527,-86.225332,87977,cenpop2020
01053,31.085439,-87.280078,36757,cenpop2020
01055,34.012182,-86.025892,103436,cenpop2020
01057,33.726912,-87.76749,16321,cenpop2020
01059,34.463509,-87.793592,32113,cenpop2020
01061,31.094511,-85.781426,26659,cenpop2020
01063,32.833838,-87.924522,7730,cenpop2020
01065,32.783251,-87.627964,14785,cenpop2020
01067,31.469275,-85.271132,17146,cenpop2020
01069,31.204793,-85.39632,107202,cenpop2020
01071,34.727289,-85.943552,52579,cenpop2020
01073,33.517206,-86.811606,674721,cenpop2020
01075,33.761275,-88.108771,13972,cenpop2020
01077,34.865524,-87.608858,93564,cenpop2020
01079,34.540863,-87.27158,33073,cenpop2020
01081,32.592265,-85.359778,174241,cenpop2020
01083,34.803982,-86.922366,103570,cenpop2020
01085,32.164241,-86.615186,10311,cenpop2020
01087,32.429073,-85.711764,19532,cenpop2020
01089,34.742996,-86.61533,388153,cenpop2020
01091,32.342372,-87.803475,19323,cenpop2020
01093,34.110448,-87.876476,29341,cenpop2020
01095,34.311249,-86.291329,97612,cenpop2020
01097,30.684049,-88.175178,414809,cenpop2020
01099,31.4988,-87.364576,19772,cenpop2020
01101,32.346473,-86.233787,228954,cenpop2020
01103,34.513887,-86.931981,123421,cenpop2020
01105,32.584881,-87.369738,8511,cenpop2020
01107,33.284667,-88.074381,19123,cenpop2020
01109,31.786041,-85.946994,33009,cenpop2020
01111,33.264692,-85.427378,21967,cenpop2020
01113,32.414904,-85.054594,59183,cenpop2020
01115,33.660943,-86.374875,91103,cenpop2020
01117,33.290336,-86.73899,223024,cenpop2020
01119,32.571003,-88.230925,12345,cenpop2020
01121,33.376936,-86.165876,82149,cenpop2020
01123,32.851728,-85.864016,41311,cenpop2020
01125,33.214817,-87.518474,227036,cenpop2020
01127,33.834217,-87.250515,65342,cenpop2020
01129,31.413666,-88.195263,15388,cenpop2020
01131,32.007448,-87.376912,10600,cenpop2020
01133,34.164369,-87.415624,23540,cenpop2020
02013,54.672887,-163.763729,3420,cenpop2020
02016,54.024627,-168.148047,5232,cenpop2020
02020,61.191547,-149.792287,291247,cenpop2020
02050,60.667568,-162.178288,18666,cenpop2020
02060,58.733456,-156.833611,844,cenpop2020
02063,60.881369,-146.199156,7102,cenpop2020
02066,62.060769,-145.032939,2617,cenpop2020
02068,63.86431,-149.027498,1619,cenpop2020
02070,59.128804,-158.75132,4857,cenpop2020
02090,64.831239,-147.623249,95655,cenpop2020
02100,59.234185,-135.497336,2080,cenpop2020
02105,58.123876,-135.423534,2365,cenpop2020
02110,58.360173,-134.533023,32255,cenpop2020
02122,60.283998,-151.068103,58799,cenpop2020
02130,55.369105,-131.678418,13948,cenpop2020
02150,57.774607,-152.454785,13101,cenpop2020
02158,62.076819,-164.34049,8368,cenpop2020
02164,58.617154,-156.27339,1476,cenpop2020
02170,61.607247,-149.432649,107081,cenpop2020
02180,64.431631,-165.269108,10046,cenpop2020
02185,70.480816,-155.295377,11031,cenpop2020
02188,66.897051,-161.582978,7793,cenpop2020
02195,56.79507,-132.943575,3398,cenpop2020
02198,55.59077,-132.668824,5753,cenpop2020
02220,57.062777,-135.335988,8458,cenpop2020
02230,59.465893,-135.310551,1240,cenpop2020
02240,63.861551,-144.698751,6808,cenpop2020
02275,56.426145,-132.355422,2127,cenpop2020
02282,59.545059,-139.714907,662,cenpop2020
02290,64.966051,-152.827744,5343,cenpop2020
04001,35.543654,-109.419015,66021,cenpop2020
04003,31.603486,-110.072835,125447,cenpop2020
04005,35.476113,-111.601825,145101,cenpop2020
04007,33.844439,-111.015003,53272,cenpop2020
04009,32.867145,-109.808107,38533,cenpop2020
04011,32.985155,-109.259546,9563,cenpop2020
04012,33.954185,-114.183775,16557,cenpop2020
04013,33.490147,-112.044016,4420568,cenpop2020
04015,35.034511,-114.262415,213267,cenpop2020
04017,34.862151,-110.205157,106717,cenpop2020
04019,32.216427,-110.95803,1043433,cenpop2020
04021,33.069323,-111.602135,425264,cenpop2020
04023,31.439234,-110.945948,47669,cenpop2020
04025,34.628734,-112.273841,236209,cenpop2020
04027,32.641391,-114.605444,203881,cenpop2020
05001,34.403488,-91.460834,17149,cenpop2020
05003,33.17959,-91.877908,19062,cenpop2020
05005,36.331791,-92.383935,41627,cenpop2020
05007,36.335056,-94.230342,284333,cenpop2020
05009,36.266608,-93.098769,37373,cenpop2020
05011,33.574422,-92.101277,10545,cenpop2020
05013,33.585989,-92.500683,4739,cenpop2020
05015,36.375744,-93.574712,28260,cenpop2020
05017,33.325951,-91.318357,10208,cenpop2020
05019,34.099325,-93.123962,21446,cenpop2020
05021,36.370287,-90.366417,14552,cenpop2020
05023,35.507218,-92.037753,24711,cenpop2020
05025,33.912967,-92.136375,7550,cenpop2020
05027,33.258766,-93.247178,22801,cenpop2020
05029,35.21299,-92.705923,20715,cenpop2020
05031,35.835762,-90.669235,111231,cenpop2020
05033,35.494096,-94.285922,60133,cenpop2020
05035,35.176704,-90.213521,48163,cenpop2020
05037,35.251667,-90.777424,16833,cenpop2020
05039,33.864882,-92.525216,6482,cenpop2020
05041,33.768029,-91.415165,11395,cenpop2020
05043,33.627329,-91.784085,17350,cenpop2020
05045,35.105697,-92.406071,123498,cenpop2020
05047,35.442155,-93.891039,17097,cenpop2020
05049,36.375654,-91.766807,12075,cenpop2020
05051,34.505767,-93.080729,100180,cenpop2020
05053,34.311672,-92.412583,17958,cenpop2020
05055,36.071536,-90.522562,45736,cenpop2020
05057,33.698177,-93.620782,20065,cenpop2020
05059,34.353569,-92.895511,33040,cenpop2020
05061,33.981466,-93.908938,12785,cenpop2020
05063,35.750729,-91.607338,37938,cenpop2020
05065,36.1215,-91.911716,13577,cenpop2020
05067,35.623062,-91.246504,16755,cenpop2020
05069,34.234814,-92.045118,67260,cenpop2020
05071,35.476548,-93.473125,25749,cenpop2020
05073,33.278875,-93.557713,6308,cenpop2020
05075,36.070844,-91.064441,16216,cenpop2020
05077,34.787429,-90.769631,8600,cenpop2020
05079,33.973433,-91.745899,12941,cenpop2020
05081,33.700349,-94.198663,12026,cenpop2020
05083,35.227664,-93.768311,21131,cenpop2020
05085,34.916983,-91.973917,74015,cenpop2020
05087,36.062896,-93.757685,16521,cenpop2020
05089,36.284395,-92.660219,16826,cenpop2020
05091,33.402394,-93.987198,42600,cenpop2020
05093,35.843368,-90.001606,40685,cenpop2020
05095,34.777063,-91.221516,6799,cenpop2020
05097,34.514568,-93.622447,8484,cenpop2020
05099,33.725543,-93.359433,8310,cenpop2020
05101,35.982591,-93.165658,7225,cenpop2020
05103,33.573847,-92.838686,22650,cenpop2020
05105,34.998711,-92.777667,10019,cenpop2020
05107,34.530919,-90.703802,16568,cenpop2020
05109,34.186355,-93.626194,10171,cenpop2020
05111,35.604751,-90.558401,22965,cenpop2020
05113,34.522847,-94.25793,19221,cenpop2020
05115,35.309054,-93.096833,63381,cenpop2020
05117,34.863817,-91.540516,8282,cenpop2020
05119,34.775246,-92.315081,399125,cenpop2020
05121,36.302137,-90.989599,18571,cenpop2020
05123,35.016355,-90.774948,23090,cenpop2020
05125,34.596991,-92.546119,123416,cenpop2020
05127,34.904224,-94.097007,9836,cenpop2020
05129,35.923072,-92.660663,7828,cenpop2020
05131,35.318718,-94.354788,127799,cenpop2020
05133,34.015316,-94.30378,15839,cenpop2020
05135,36.178093,-91.51953,17271,cenpop2020
05137,35.855714999999996,-92.133812,12359,cenpop2020
05139,33.207421,-92.65198,39054,cenpop2020
05141,35.568095,-92.42013,15796,cenpop2020
05143,36.09592,-94.172336,245871,cenpop2020
05145,35.239408,-91.773595,76822,cenpop2020
05147,35.233161,-91.251021,6269,cenpop2020
05149,35.127752,-93.28293,20263,cenpop2020
06001,37.706599,-122.098766,1682353,cenpop2020
06003,38.728485,-119.847822,1204,cenpop2020
06005,38.395906,-120.778038,40474,cenpop2020
06007,39.658926,-121.72651,211632,cenpop2020
06009,38.157342,-120.645222,45292,cenpop2020
06011,39.153446,-122.083801,21839,cenpop2020
06013,37.93501,-122.024961,1165927,cenpop2020
06015,41.790833,-124.164236,27743,cenpop2020
06017,38.741021,-120.761446,191185,cenpop2020
06019,36.743848,-119.765291,1008654,cenpop2020
06021,39.665777,-122.179287,28917,cenpop2020
06023,40.757636,-124.088127,136463,cenpop2020
06025,32.841599,-115.540049,179702,cenpop2020
06027,37.171422,-118.268567,19016,cenpop2020
06029,35.369809,-118.941786,909235,cenpop2020
06031,36.252657,-119.726922,152486,cenpop2020
06033,38.976233,-122.732922,68163,cenpop2020
06035,40.393749,-120.584467,32730,cenpop2020
06037,34.067886,-118.24599,10014009,cenpop2020
06039,37.037074,-120.009796,156255,cenpop2020
06041,37.986474,-122.546657,262321,cenpop2020
06043,37.532076000000004,-119.971401,17131,cenpop2020
06045,39.285646,-123.394154,91601,cenpop2020
06047,37.274812,-120.628944,281202,cenpop2020
06049,41.521665,-120.631201,8700,cenpop2020
06051,37.773016,-118.970627,13195,cenpop2020
06053,36.614681,-121.646692,439035,cenpop2020
06055,38.325108,-122.319983,138019,cenpop2020
06057,39.220021,-120.915206,102241,cenpop2020
06059,33.732683,-117.858773,3186989,cenpop2020
06061,38.839708,-121.198379,404739,cenpop2020
06063,39.981152,-120.821957,19790,cenpop2020
06065,33.799274,-117.076969,2418185,cenpop2020
06067,38.568337,-121.381235,1585055,cenpop2020
06069,36.843074,-121.402614,64209,cenpop2020
06071,34.190969,-117.359766,2181654,cenpop2020
06073,32.884418,-117.112348,3298634,cenpop2020
06075,37.760569,-122.436499,873965,cenpop2020
06077,37.924541,-121.302289,779233,cenpop2020
06079,35.341822,-120.665804,282424,cenpop2020
06081,37.563575,-122.339869,764442,cenpop2020
06083,34.645128,-120.1029,448229,cenpop2020
06085,37.315518,-121.91109,1936259,cenpop2020
06087,36.986338,-121.938739,270861,cenpop2020
06089,40.578348,-122.300147,182155,cenpop2020
06091,39.607184,-120.421856,3236,cenpop2020
06093,41.572743,-122.493725,44076,cenpop2020
06095,38.236295,-122.067272,453491,cenpop2020
06097,38.412281,-122.720368,488863,cenpop2020
06099,37.618447,-120.955882,552878,cenpop2020
06101,39.137197,-121.643973,99633,cenpop2020
06103,40.114795,-122.219057,65829,cenpop2020
06105,40.629982,-123.096608,16112,cenpop2020
06107,36.254134,-119.23454,473117,cenpop2020
06109,37.972006,-120.325224,55620,cenpop2020
06111,34.242809,-119.025486,843843,cenpop2020
06113,38.598163,-121.718874,216403,cenpop2020
06115,39.131905,-121.510607,81575,cenpop2020
08001,39.876949,-104.920943,519572,cenpop2020
08003,37.481888,-105.877629,16376,cenpop2020
08005,39.646582,-104.838574,655070,cenpop2020
08007,37.240274,-107.089808,13359,cenpop2020
08009,37.368105,-102.53204,3506,cenpop2020
08011,38.072919,-103.166006,5650,cenpop2020
08013,40.062992,-105.180215,330758,cenpop2020
08014,39.939871,-105.058131,74112,cenpop2020
08015,38.676811,-106.085131,19476,cenpop2020
08017,38.817655,-102.470052,1748,cenpop2020
08019,39.713458,-105.532527,9397,cenpop2020
08021,37.199613,-105.987323,7461,cenpop2020
08023,37.292230000000004,-105.444296,3499,cenpop2020
08025,38.193783,-103.856387,5922,cenpop2020
08027,38.133198,-105.382527,4704,cenpop2020
08029,38.798198,-107.913769,31196,cenpop2020
08031,39.72486,-104.950033,715522,cenpop2020
08033,37.746934,-108.758724,2326,cenpop2020
08035,39.482023,-104.87357,357978,cenpop2020
08037,39.600516,-106.733421,55731,cenpop2020
08039,39.388552,-104.52311,26062,cenpop2020
08041,38.877314,-104.75212,730395,cenpop2020
08043,38.426941,-105.214303,48939,cenpop2020
08045,39.507103,-107.549019,61685,cenpop2020
08047,39.856062,-105.483217,5808,cenpop2020
08049,40.051143,-105.978501,15717,cenpop2020
08051,38.660002,-106.944384,16918,cenpop2020
08053,38.002552,-107.29875,788,cenpop2020
08055,37.612538,-104.887584,6820,cenpop2020
08057,40.690192,-106.295485,1379,cenpop2020
08059,39.72369,-105.130309,582910,cenpop2020
08061,38.470085,-102.700966,1446,cenpop2020
08063,39.310418,-102.462031,7087,cenpop2020
08065,39.244814,-106.30747,7436,cenpop2020
08067,37.266021,-107.803947,55638,cenpop2020
08069,40.504402,-105.089155,359066,cenpop2020
08071,37.192053,-104.501324,14555,cenpop2020
08073,39.180049,-103.614219,5675,cenpop2020
08075,40.64034,-103.185977,21528,cenpop2020
08077,39.092942,-108.546673,155703,cenpop2020
08079,37.779142,-106.942063,865,cenpop2020
08081,40.51606,-107.613977,13292,cenpop2020
08083,37.371913,-108.554458,25849,cenpop2020
08085,38.481301,-107.922349,42679,cenpop2020
08087,40.254229,-103.789071,29111,cenpop2020
08089,38.023236,-103.655776,18690,cenpop2020
08091,38.146044,-107.751894,4874,cenpop2020
08093,39.305737,-105.625362,17390,cenpop2020
08095,40.599356,-102.385877,4530,cenpop2020
08097,39.231757,-106.908716,17358,cenpop2020
08099,38.083029,-102.548624,11999,cenpop2020
08101,38.265773,-104.646976,168162,cenpop2020
08103,40.05108,-108.268744,6529,cenpop2020
08105,37.61185,-106.242067,11539,cenpop2020
08107,40.455504,-106.89741,24829,cenpop2020
08109,37.925349,-106.006105,6368,cenpop2020
08111,37.801877,-107.673598,705,cenpop2020
08113,37.971818,-107.958108,8072,cenpop2020
08115,40.962161,-102.325673,2404,cenpop2020
08117,39.572383,-106.055673,31055,cenpop2020
08119,38.944782,-105.139899,24710,cenpop2020
08121,40.098312,-103.157119,4817,cenpop2020
08123,40.322426,-104.807009,328981,cenpop2020
08125,40.065848,-102.480825,9988,cenpop2020
09001,41.206021,-73.367214,957419,cenpop2020
09003,41.761165,-72.717868,899498,cenpop2020
09005,41.726958,-73.190432,185186,cenpop2020
09007,41.479018,-72.571631,164245,cenpop2020
09009,41.396593,-72.942327,864835,cenpop2020
09011,41.443271,-72.097543,268555,cenpop2020
09013,41.842288,-72.372969,149788,cenpop2020
09015,41.80508,-71.993508,116418,cenpop2020
10001,39.127081,-75.55913,181851,cenpop2020
10003,39.678852,-75.63529,570719,cenpop2020
10005,38.661794,-75.331473,237378,cenpop2020
11001,38.910168,-77.013993,689545,cenpop2020
12001,29.664721,-82.391582,278468,cenpop2020
12003,30.286374,-82.184536,28259,cenpop2020
12005,30.21282,-85.670601,175216,cenpop2020
12007,29.949896,-82.128265,28303,cenpop2020
12009,28.225111,-80.690892,606612,cenpop2020
12011,26.135399,-80.226976,1944375,cenpop2020
12013,30.464333,-85.125841,13648,cenpop2020
12015,26.953831,-82.117344,186847,cenpop2020
12017,28.865585,-82.455213,153843,cenpop2020
12019,30.087758,-81.800487,218245,cenpop2020
12021,26.203653,-81.69257,375752,cenpop2020
12023,30.122022,-82.664496,69698,cenpop2020
12027,27.1868,-81.87051,33976,cenpop2020
12029,29.634593,-83.058664,16759,cenpop2020
12031,30.298646,-81.620436,995567,cenpop2020
12033,30.485666,-87.277106,321905,cenpop2020
12035,29.521471,-81.222102,115378,cenpop2020
12037,29.785968,-84.813247,12451,cenpop2020
12039,30.593632,-84.571737,43826,cenpop2020
12041,29.705263,-82.808104,17864,cenpop2020
12043,26.897019,-81.189563,12126,cenpop2020
12045,29.955584,-85.259724,14192,cenpop2020
12047,30.501436000000002,-82.999025,14004,cenpop2020
12049,27.548142,-81.816969,25327,cenpop2020
12051,26.726562,-81.216144,39619,cenpop2020
12053,28.504446,-82.497025,194515,cenpop2020
12055,27.462632,-81.444816,101235,cenpop2020
12057,27.967264,-82.39857,1459762,cenpop2020
12059,30.847037,-85.754664,19653,cenpop2020
12061,27.671332,-80.440738,159788,cenpop2020
12063,30.797248,-85.218988,47319,cenpop2020
12065,30.502892,-83.89133,14510,cenpop2020
12067,30.063591,-83.176369,8226,cenpop2020
12069,28.716853,-81.750668,383956,cenpop2020
12071,26.576019,-81.851845,760822,cenpop2020
12073,30.466102,-84.269682,292198,cenpop2020
12075,29.380119,-82.662921,42915,cenpop2020
12077,30.399108,-84.907135,7974,cenpop2020
12079,30.472359,-83.425943,17968,cenpop2020
12081,27.478313,-82.520478,399710,cenpop2020
12083,29.135817,-82.126125,375908,cenpop2020
12085,27.145869,-80.245706,158431,cenpop2020
12086,25.769326,-80.30118,2701767,cenpop2020
12087,24.747427,-81.244796,82874,cenpop2020
12089,30.608318,-81.63434,90352,cenpop2020
12091,30.551645,-86.565567,211668,cenpop2020
12093,27.271934,-80.824315,39644,cenpop2020
12095,28.526077,-81.388371,1429908,cenpop2020
12097,28.269056,-81.39037,388656,cenpop2020
12099,26.616523,-80.143701,1492191,cenpop2020
12101,28.258217,-82.51024,561891,cenpop2020
12103,27.900189,-82.727015,959107,cenpop2020
12105,28.042479,-81.786864,725046,cenpop2020
12107,29.60923,-81.721195,73321,cenpop2020
12109,29.991793,-81.434924,273425,cenpop2020
12111,27.333592,-80.357144,329226,cenpop2020
12113,30.547226,-87.035767,188000,cenpop2020
12115,27.201139,-82.416033,434006,cenpop2020
12117,28.699171,-81.310073,470856,cenpop2020
12119,28.83348,-82.024754,129752,cenpop2020
12121,30.213664,-82.985113,43474,cenpop2020
12123,30.056859,-83.590349,21796,cenpop2020
12125,30.011442,-82.35769,16147,cenpop2020
12127,29.072351,-81.126278,553543,cenpop2020
12129,30.187394,-84.332906,33764,cenpop2020
12131,30.543793,-86.19019,75305,cenpop2020
12133,30.649403,-85.62387,25318,cenpop2020
13001,31.770708,-82.338755,18444,cenpop2020
13003,31.317495,-82.878111,8286,cenpop2020
13005,31.547,-82.46609,11140,cenpop2020
13007,31.31096,-84.433608,2876,cenpop2020
13009,33.085482,-83.243621,43799,cenpop2020
13011,34.349158,-83.507471,18035,cenpop2020
13013,33.992491,-83.728597,83505,cenpop2020
13015,34.208535,-84.829148,108901,cenpop2020
13017,31.727139,-83.24814,17194,cenpop2020
13019,31.233472,-83.251763,18160,cenpop2020
13021,32.834626,-83.690072,157346,cenpop2020
13023,32.401506,-83.332183,12583,cenpop2020
13025,31.217234,-81.970017,18021,cenpop2020
13027,30.841118,-83.54227,16301,cenpop2020
13029,31.958731,-81.353407,44738,cenpop2020
13031,32.415313,-81.762378,81099,cenpop2020
13033,33.103215,-82.002339,24596,cenpop2020
13035,33.294854,-83.972919,25434,cenpop2020
13037,31.526143,-84.662951,5573,cenpop2020
13039,30.812543,-81.631375,54768,cenpop2020
13043,32.399154,-82.060428,10981,cenpop2020
13045,33.623974,-85.043815,119148,cenpop2020
13047,34.928524,-85.172189,67872,cenpop2020
13049,30.786554,-82.024244,12518,cenpop2020
13051,32.043151,-81.136643,295291,cenpop2020
13053,32.342797,-84.896374,9565,cenpop2020
13055,34.496004,-85.344042,24965,cenpop2020
13057,34.170504,-84.494745,266620,cenpop2020
13059,33.950374,-83.381417,128671,cenpop2020
13061,31.634951,-85.014589,2848,cenpop2020
13063,33.551579,-84.361187,297595,cenpop2020
13065,31.021262,-82.744401,6749,cenpop2020
13067,33.941801,-84.557976,766149,cenpop2020
13069,31.515718,-82.838428,43092,cenpop2020
13071,31.179661,-83.767871,45898,cenpop2020
13073,33.514668,-82.175338,156010,cenpop2020
13075,31.148353,-83.423804,17229,cenpop2020
13077,33.377998,-84.73346,146158,cenpop2020
13079,32.706715,-83.930196,12130,cenpop2020
13081,31.949314,-83.778048,20128,cenpop2020
13083,34.881193,-85.497925,16251,cenpop2020
13085,34.400246,-84.102212,26798,cenpop2020
13087,30.889772,-84.569999,29367,cenpop2020
13089,33.790223,-84.247613,764382,cenpop2020
13091,32.212397,-83.173704,19925,cenpop2020
13093,32.170176,-83.78074,11208,cenpop2020
13095,31.574147,-84.171202,85790,cenpop2020
13097,33.724594,-84.735518,144237,cenpop2020
13099,31.335623,-84.919905,10854,cenpop2020
13101,30.712259,-83.050326,3697,cenpop2020
13103,32.287329,-81.299809,64769,cenpop2020
13105,34.128394,-82.880506,19637,cenpop2020
13107,32.586625,-82.306411,22768,cenpop2020
13109,32.168708,-81.906627,10774,cenpop2020
13111,34.902937,-84.312915,25319,cenpop2020
13113,33.428121,-84.513188,119194,cenpop2020
13115,34.256222,-85.183346,98584,cenpop2020
13117,34.190488,-84.150182,251283,cenpop2020
13119,34.378121,-83.186359,23424,cenpop2020
13121,33.832534,-84.396191,1066710,cenpop2020
13123,34.675112,-84.486082,31353,cenpop2020
13125,33.236629,-82.60966,2884,cenpop2020
13127,31.202596,-81.486211,84499,cenpop2020
13129,34.498248,-84.907765,57544,cenpop2020
13131,30.881836,-84.212447,26236,cenpop2020
13133,33.535248,-83.179388,18915,cenpop2020
13135,33.954137,-84.053177,957062,cenpop2020
13137,34.565656,-83.541387,46031,cenpop2020
13139,34.26936,-83.847644,203136,cenpop2020
13141,33.254841,-83.01325,8735,cenpop2020
13143,33.760719,-85.184723,29919,cenpop2020
13145,32.69754,-84.894283,34668,cenpop2020
13147,34.355547,-82.964995,25828,cenpop2020
13149,33.307964,-85.116748,11412,cenpop2020
13151,33.470292,-84.174632,240712,cenpop2020
13153,32.565757,-83.663692,163633,cenpop2020
13155,31.604345,-83.27986,9666,cenpop2020
13157,34.129495,-83.599045,75907,cenpop2020
13159,33.358288,-83.726512,14588,cenpop2020
13161,31.847814,-82.600257,14779,cenpop2020
13163,33.06898,-82.408116,15709,cenpop2020
13165,32.789871,-81.947165,8674,cenpop2020
13167,32.699439,-82.684511,9189,cenpop2020
13169,32.961196,-83.550237,28347,cenpop2020
13171,33.084155,-84.154394,18500,cenpop2020
13173,31.037307,-83.097639,9877,cenpop2020
13175,32.517494,-82.925405,49570,cenpop2020
13177,31.680634,-84.177116,33163,cenpop2020
13179,31.828772,-81.5777,65256,cenpop2020
13181,33.780601,-82.445454,7690,cenpop2020
13183,31.775868,-81.731661,16168,cenpop2020
13185,30.860299,-83.281437,118251,cenpop2020
13187,34.524477,-83.988151,33488,cenpop2020
13189,33.459579,-82.468712,21632,cenpop2020
13191,31.480147,-81.405656,10975,cenpop2020
13193,32.324124,-84.039478,12082,cenpop2020
13195,34.101336,-83.240303,30120,cenpop2020
13197,32.382601,-84.524649,7498,cenpop2020
13199,33.016626,-84.675396,20613,cenpop2020
13201,31.160435,-84.738302,6000,cenpop2020
13205,31.218188,-84.171176,21755,cenpop2020
13207,33.037037,-83.909101,27957,cenpop2020
13209,32.173336,-82.52948,8610,cenpop2020
13211,33.600047000000004,-83.485701,20097,cenpop2020
13213,34.781729,-84.79164,39973,cenpop2020
13215,32.495642,-84.928926,206922,cenpop2020
13217,33.570575,-83.898026,112483,cenpop2020
13219,33.876988,-83.464103,41799,cenpop2020
13221,33.918851,-83.147433,14825,cenpop2020
13223,33.913898,-84.814237,168661,cenpop2020
13225,32.589118,-83.822766,27981,cenpop2020
13227,34.455831,-84.436004,33216,cenpop2020
13229,31.313022,-82.242367,19716,cenpop2020
13231,33.10478,-84.366582,18889,cenpop2020
13233,34.010871,-85.174625,42853,cenpop2020
13235,32.273393,-83.478958,9855,cenpop2020
13237,33.319719,-83.335457,22047,cenpop2020
13239,31.859563,-85.078114,2235,cenpop2020
13241,34.879707,-83.407047,16883,cenpop2020
13243,31.758591,-84.758082,6425,cenpop2020
13245,33.427932,-82.051886,206607,cenpop2020
13247,33.642136,-84.019225,93570,cenpop2020
13249,32.241832,-84.306635,4547,cenpop2020
13251,32.722235,-81.629825,14067,cenpop2020
13253,30.967903,-84.866698,9147,cenpop2020
13255,33.258944,-84.271569,67306,cenpop2020
13257,34.558402,-83.289701,26784,cenpop2020
13259,32.068608,-84.758019,5314,cenpop2020
13261,32.061409,-84.222402,29616,cenpop2020
13263,32.700716,-84.58298,5733,cenpop2020
13265,33.568965,-82.886099,1559,cenpop2020
13267,32.036453,-82.058473,22842,cenpop2020
13269,32.559079,-84.209743,7816,cenpop2020
13271,32.019316,-82.894969,12477,cenpop2020
13273,31.77202,-84.429026,9185,cenpop2020
13275,30.86927,-83.947978,45798,cenpop2020
13277,31.455071,-83.513873,41344,cenpop2020
13279,32.185481,-82.368674,27030,cenpop2020
13281,34.940026,-83.782885,12493,cenpop2020
13283,32.387282,-82.589236,6406,cenpop2020
13285,33.038124,-85.029721,69426,cenpop2020
13287,31.70277,-83.638274,9006,cenpop2020
13289,32.702269,-83.416707,8022,cenpop2020
13291,34.87746,-84.004818,24632,cenpop2020
13293,32.90722,-84.325253,27700,cenpop2020
13295,34.838709,-85.293092,67654,cenpop2020
13297,33.795968,-83.785302,96673,cenpop2020
13299,31.226953,-82.383829,36251,cenpop2020
13301,33.406673,-82.661562,5215,cenpop2020
13303,32.964333,-82.775581,19988,cenpop2020
13305,31.61057,-81.916558,30144,cenpop2020
13307,32.05245,-84.561824,2348,cenpop2020
13309,32.147523,-82.756158,7471,cenpop2020
13311,34.599638,-83.743731,28003,cenpop2020
13313,34.793647,-84.966305,102864,cenpop2020
13315,31.975538,-83.409194,8766,cenpop2020
13317,33.757224,-82.752748,9565,cenpop2020
13319,32.843967,-83.239243,8877,cenpop2020
13321,31.545333,-83.85916,20784,cenpop2020
15001,19.672735,-155.428067,200629,cenpop2020
15003,21.371521,-157.917219,1016508,cenpop2020
15005,21.189607,-156.982059,82,cenpop2020
15007,22.019834,-159.438951,73298,cenpop2020
15009,20.862853,-156.491993,164754,cenpop2020
16001,43.612091,-116.313143,494967,cenpop2020
16003,44.843883,-116.383254,4379,cenpop2020
16005,42.871117,-112.425092,87018,cenpop2020
16007,42.307481,-111.34121,6372,cenpop2020
16009,47.273057,-116.644633,9530,cenpop2020
16011,43.223106,-112.346259,47992,cenpop2020
16013,43.548124,-114.299016,24272,cenpop2020
16015,43.90651,-115.985316,7610,cenpop2020
16017,48.23649,-116.630197,47110,cenpop2020
16019,43.494825,-111.994434,123964,cenpop2020
16021,48.710599,-116.302645,12056,cenpop2020
16023,43.697316,-113.30219,2574,cenpop2020
16025,43.352907,-114.754454,1077,cenpop2020
16027,43.612485,-116.625046,231105,cenpop2020
16029,42.646162,-111.652123,7027,cenpop2020
16031,42.487358,-113.747762,24655,cenpop2020
16033,44.194725,-112.262134,790,cenpop2020
16035,46.489093,-116.190755,8734,cenpop2020
16037,44.280306,-114.096283,4275,cenpop2020
16039,43.117658,-115.685056,28666,cenpop2020
16041,42.098212,-111.871828,14194,cenpop2020
16043,44.012878,-111.616883,13388,cenpop2020
16045,43.883064,-116.507732,19123,cenpop2020
16047,42.853491,-114.750399,15598,cenpop2020
16049,45.972026,-116.105519,16541,cenpop2020
16051,43.68709,-111.959043,30891,cenpop2020
16053,42.699506,-114.464966,24237,cenpop2020
16055,47.738595,-116.837402,171362,cenpop2020
16057,46.742589,-116.934836,39517,cenpop2020
16059,45.130443,-113.86099,7974,cenpop2020
16061,46.237559,-116.264039,3533,cenpop2020
16063,42.971703,-114.333319,5127,cenpop2020
16065,43.819187,-111.793855,52913,cenpop2020
16067,42.611171,-113.712634,21613,cenpop2020
16069,46.393945,-116.952097,42090,cenpop2020
16071,42.18223,-112.295487,4564,cenpop2020
16073,43.393385,-116.704658,11913,cenpop2020
16075,44.019562,-116.893339,25386,cenpop2020
16077,42.774583,-112.827325,7878,cenpop2020
16079,47.514916,-116.091781,13169,cenpop2020
16081,43.692414,-111.122065,11630,cenpop2020
16083,42.56026,-114.499626,90046,cenpop2020
16085,44.766234,-116.074739,11746,cenpop2020
16087,44.29827,-116.92098,10500,cenpop2020
17001,39.943853,-91.327397,65737,cenpop2020
17003,37.152943,-89.294878,5240,cenpop2020
17005,38.884765,-89.432041,16725,cenpop2020
17007,42.294302,-88.852137,53448,cenpop2020
17009,39.966021,-90.747509,6244,cenpop2020
17011,41.382406,-89.420549,33244,cenpop2020
17013,39.122999,-90.638209,4437,cenpop2020
17015,42.067256,-89.969163,15702,cenpop2020
17017,39.98041,-90.320947,13042,cenpop2020
17019,40.126856,-88.23646,205865,cenpop2020
17021,39.525376,-89.254079,34032,cenpop2020
17023,39.351511,-87.796198,15455,cenpop2020
17025,38.715726,-88.49181,13288,cenpop2020
17027,38.588708,-89.485747,36899,cenpop2020
17029,39.487996,-88.264625,46863,cenpop2020
17031,41.869515,-87.757998,5275541,cenpop2020
17033,39.004797,-87.750005,18679,cenpop2020
17035,39.275024,-88.280686,10450,cenpop2020
17037,41.927566,-88.726804,100420,cenpop2020
17039,40.170876,-88.911355,15516,cenpop2020
17041,39.766979,-88.280371,19740,cenpop2020
17043,41.848928,-88.071268,932877,cenpop2020
17045,39.636396,-87.713766,16866,cenpop2020
17047,38.401606,-88.041233,6245,cenpop2020
17049,39.095854,-88.573292,34668,cenpop2020
17051,38.995881,-89.033955,21488,cenpop2020
17053,40.521655,-88.219432,13534,cenpop2020
17055,37.963987,-88.953694,37804,cenpop2020
17057,40.524812,-90.116575,33609,cenpop2020
17059,37.772903,-88.239193,4946,cenpop2020
17061,39.368918,-90.371192,11985,cenpop2020
17063,41.34999,-88.344624,52533,cenpop2020
17065,38.091614,-88.558979,7993,cenpop2020
17067,40.425023,-91.202357,17620,cenpop2020
17069,37.478271,-88.295955,3649,cenpop2020
17071,40.824767,-90.944727,6387,cenpop2020
17073,41.350891,-90.1358,49284,cenpop2020
17075,40.762253,-87.838453,27077,cenpop2020
17077,37.750199,-89.277101,52974,cenpop2020
17079,39.003923,-88.162638,9287,cenpop2020
17081,38.311195,-88.911598,37113,cenpop2020
17083,39.075249,-90.319327,21512,cenpop2020
17085,42.411305,-90.308466,22035,cenpop2020
17087,37.470122,-88.876484,13308,cenpop2020
17089,41.928443,-88.33542,516522,cenpop2020
17091,41.150459,-87.851699,107502,cenpop2020
17093,41.66076,-88.375603,131869,cenpop2020
17095,40.937986,-90.327754,49967,cenpop2020
17097,42.311645,-87.970527,714342,cenpop2020
17099,41.354304,-88.895139,109658,cenpop2020
17101,38.718154,-87.745966,15280,cenpop2020
17103,41.812143,-89.401894,34145,cenpop2020
17105,40.90184,-88.576241,35815,cenpop2020
17107,40.141565,-89.361411,27987,cenpop2020
17109,40.469965,-90.667814,27238,cenpop2020
17111,42.270305,-88.351365,310229,cenpop2020
17113,40.493799,-88.953797,170954,cenpop2020
17115,39.850646,-88.946554,103998,cenpop2020
17117,39.191697,-89.877091,44967,cenpop2020
17119,38.801004,-90.012645,265859,cenpop2020
17121,38.590624,-89.016141,37729,cenpop2020
17123,41.043266,-89.316199,11742,cenpop2020
17125,40.286175,-89.899393,13086,cenpop2020
17127,37.18088,-88.717761,14169,cenpop2020
17129,39.996935,-89.799159,12297,cenpop2020
17131,41.214503,-90.686612,15699,cenpop2020
17133,38.362245,-90.171982,34962,cenpop2020
17135,39.198374,-89.507428,28288,cenpop2020
17137,39.717059,-90.22838,32915,cenpop2020
17139,39.631716,-88.612657,14526,cenpop2020
17141,42.028664,-89.25403,51788,cenpop2020
17143,40.746692,-89.639949,181830,cenpop2020
17145,38.057689,-89.3224,20945,cenpop2020
17147,40.008986,-88.581901,16673,cenpop2020
17149,39.621897,-90.861323,14739,cenpop2020
17151,37.400771,-88.555783,3763,cenpop2020
17153,37.198544,-89.130564,5193,cenpop2020
17155,41.230538,-89.2681,5637,cenpop2020
17157,38.061445,-89.809741,30163,cenpop2020
17159,38.725443,-88.08785,15813,cenpop2020
17161,41.489119,-90.502512,144672,cenpop2020
17163,38.548186,-89.990225,257400,cenpop2020
17165,37.753419,-88.538134,23768,cenpop2020
17167,39.771106,-89.654882,196343,cenpop2020
17169,40.130099,-90.568789,6902,cenpop2020
17171,39.645952,-90.461992,4949,cenpop2020
17173,39.399379,-88.800594,20990,cenpop2020
17175,41.098391,-89.791981,5400,cenpop2020
17177,42.324957,-89.643639,44630,cenpop2020
17179,40.605153,-89.530221,131343,cenpop2020
17181,37.469028,-89.234288,17244,cenpop2020
17183,40.151056,-87.655499,74188,cenpop2020
17185,38.431889,-87.788862,11361,cenpop2020
17187,40.890671,-90.636753,16835,cenpop2020
17189,38.360726,-89.395405,13761,cenpop2020
17191,38.408213,-88.421765,16179,cenpop2020
17193,38.088921,-88.196465,13877,cenpop2020
17195,41.781958,-89.82525,55691,cenpop2020
17197,41.565502,-88.058558,696355,cenpop2020
17199,37.754392,-88.976636,67153,cenpop2020
17201,42.308321,-89.060442,285350,cenpop2020
17203,40.76916,-89.29163,38467,cenpop2020
18001,40.749532,-84.934318,35809,cenpop2020
18003,41.100842,-85.125233,385410,cenpop2020
18005,39.215015,-85.905294,82208,cenpop2020
18007,40.576258,-87.291866,8719,cenpop2020
18009,40.468109,-85.345621,12112,cenpop2020
18011,40.004643,-86.383249,70812,cenpop2020
18013,39.236665,-86.208688,15475,cenpop2020
18015,40.579184,-86.601213,20306,cenpop2020
18017,40.747129,-86.338974,37870,cenpop2020
18019,38.373412,-85.732548,121093,cenpop2020
18021,39.469332,-87.123964,26466,cenpop2020
18023,40.297795,-86.513556,33190,cenpop2020
18025,38.315739,-86.422116,10526,cenpop2020
18027,38.697526,-87.096158,33381,cenpop2020
18029,39.14676,-84.920533,50679,cenpop2020
18031,39.320693,-85.493081,26472,cenpop2020
18033,41.377157,-85.034535,43265,cenpop2020
18035,40.20524,-85.402908,111903,cenpop2020
18037,38.35868,-86.915674,43637,cenpop2020
18039,41.637245,-85.905688,207047,cenpop2020
18041,39.64037,-85.147252,23398,cenpop2020
18043,38.32223,-85.857888,80484,cenpop2020
18045,40.14941,-87.274375,16479,cenpop2020
18047,39.398519,-85.070967,22785,cenpop2020
18049,41.059339,-86.217151,20480,cenpop2020
18051,38.305848,-87.549447,33011,cenpop2020
18053,40.525256,-85.644184,66674,cenpop2020
18055,39.052523,-86.994152,30803,cenpop2020
18057,40.001506,-86.057612,347467,cenpop2020
18059,39.815247,-85.829626,79840,cenpop2020
18061,38.234174,-86.098168,39654,cenpop2020
18063,39.773147,-86.41108,174788,cenpop2020
18065,39.928844,-85.403738,48914,cenpop2020
18067,40.470296,-86.133562,83658,cenpop2020
18069,40.869855,-85.486182,36662,cenpop2020
18071,38.928711,-85.936294,46428,cenpop2020
18073,41.082454,-87.150606,32918,cenpop2020
18075,40.430767,-85.028696,20478,cenpop2020
18077,38.758699,-85.433151,33147,cenpop2020
18079,39.005508,-85.649705,27613,cenpop2020
18081,39.555913,-86.115187,161765,cenpop2020
18083,38.699306,-87.454832,36282,cenpop2020
18085,41.267835,-85.830509,80240,cenpop2020
18087,41.632874,-85.467264,40446,cenpop2020
18089,41.518998,-87.407505,498700,cenpop2020
18091,41.632279,-86.791226,112417,cenpop2020
18093,38.847818,-86.495942,45011,cenpop2020
18095,40.113496,-85.7088,130129,cenpop2020
18097,39.788896,-86.136268,977203,cenpop2020
18099,41.347653,-86.272256,46095,cenpop2020
18101,38.679659,-86.850513,9812,cenpop2020
18103,40.729384,-86.076111,35962,cenpop2020
18105,39.162275,-86.538570000000007,139718,cenpop2020
18107,40.034526,-86.90058,37936,cenpop2020
18109,39.512934,-86.399124,71780,cenpop2020
18111,40.999168,-87.38049,13830,cenpop2020
18113,41.415849,-85.388959,47457,cenpop2020
18115,38.954376,-84.909987,5940,cenpop2020
18117,38.562253,-86.495955,19867,cenpop2020
18119,39.314578,-86.798175,21321,cenpop2020
18121,39.757908,-87.225163,16156,cenpop2020
18123,38.008616,-86.705505,19170,cenpop2020
18125,38.427019,-87.233088,12250,cenpop2020
18127,41.513979,-87.104333,173215,cenpop2020
18129,38.012717,-87.819868,25222,cenpop2020
18131,41.051366,-86.684796,12514,cenpop2020
18133,39.646449,-86.834304,36726,cenpop2020
18135,40.169491,-84.996903,24502,cenpop2020
18137,39.160663,-85.219308,28995,cenpop2020
18139,39.62209,-85.475672,16752,cenpop2020
18141,41.67642,-86.227079,272912,cenpop2020
18143,38.697942,-85.764092,24384,cenpop2020
18145,39.535011,-85.790065,45055,cenpop2020
18147,38.019216,-87.009078,19810,cenpop2020
18149,41.281734,-86.632742,23371,cenpop2020
18151,41.650003,-85.010961,34435,cenpop2020
18153,39.103793,-87.393185,20817,cenpop2020
18155,38.816976,-85.023673,9737,cenpop2020
18157,40.418699,-86.886959,186251,cenpop2020
18159,40.307543,-86.051278,15359,cenpop2020
18161,39.618364,-84.919464,7087,cenpop2020
18163,37.998233,-87.549603,180136,cenpop2020
18165,39.759924,-87.439022,15439,cenpop2020
18167,39.460456,-87.386916,106153,cenpop2020
18169,40.855768,-85.80421,30976,cenpop2020
18171,40.312721,-87.325412,8440,cenpop2020
18173,38.011051,-87.355616,63898,cenpop2020
18175,38.573362,-86.084553,28182,cenpop2020
18177,39.843304,-84.948672,66553,cenpop2020
18179,40.770773,-85.192988,28180,cenpop2020
18181,40.753581,-86.809953,24688,cenpop2020
18183,41.16305,-85.478007,34191,cenpop2020
19001,41.347726,-94.478337,7496,cenpop2020
19003,41.007205,-94.708824,3704,cenpop2020
19005,43.252971,-91.42476,14061,cenpop2020
19007,40.741265,-92.864741,12317,cenpop2020
19009,41.675888,-94.925428,5674,cenpop2020
19011,42.063318,-92.013283,25575,cenpop2020
19013,42.490207,-92.37179,131144,cenpop2020
19015,42.026222,-93.892211,26715,cenpop2020
19017,42.740346,-92.380697,24988,cenpop2020
19019,42.48513,-91.901131,20565,cenpop2020
19021,42.676707,-95.184296,20823,cenpop2020
19023,42.701602,-92.758281,14334,cenpop2020
19025,42.39777,-94.623179,9927,cenpop2020
19027,42.039462,-94.867701,20760,cenpop2020
19029,41.366511,-94.977692,13127,cenpop2020
19031,41.756011,-91.140408,18505,cenpop2020
19033,43.135216,-93.246108,43127,cenpop2020
19035,42.751225,-95.591928,11658,cenpop2020
19037,43.038731,-92.342847,12012,cenpop2020
19039,41.034767,-93.783479,9748,cenpop2020
19041,43.127358,-95.159344,16384,cenpop2020
19043,42.860684,-91.321147,17043,cenpop2020
19045,41.852141,-90.341168,46460,cenpop2020
19047,42.026692,-95.357436,16525,cenpop2020
19049,41.630722,-93.900543,99678,cenpop2020
19051,40.762546,-92.418316,9110,cenpop2020
19053,40.7123,-93.817156,7645,cenpop2020
19055,42.48163,-91.383936,17488,cenpop2020
19057,40.83528,-91.143256,38910,cenpop2020
19059,43.38895,-95.134559,17703,cenpop2020
19061,42.493173,-90.762214,99266,cenpop2020
19063,43.395995,-94.75827,9388,cenpop2020
19065,42.821543,-91.855739,19509,cenpop2020
19067,43.075228,-92.751434,15627,cenpop2020
19069,42.754609,-93.239282,10019,cenpop2020
19071,40.753741,-95.616798,6605,cenpop2020
19073,42.029106,-94.379863,8771,cenpop2020
19075,42.38048,-92.747282,12329,cenpop2020
19077,41.665841,-94.427696,10623,cenpop2020
19079,42.406603,-93.767427,15039,cenpop2020
19081,43.092315,-93.702667,10795,cenpop2020
19083,42.436346,-93.217038,16878,cenpop2020
19085,41.662599,-95.804583,14582,cenpop2020
19087,40.977985,-91.536884,20482,cenpop2020
19089,43.361965,-92.229351,9469,cenpop2020
19091,42.746569,-94.216619,9597,cenpop2020
19093,42.393275,-95.505465,7005,cenpop2020
19095,41.701018,-92.039155,16662,cenpop2020
19097,42.141479,-90.567662,19485,cenpop2020
19099,41.678059,-93.07144,37813,cenpop2020
19101,41.012603,-91.965861,15663,cenpop2020
19103,41.683586,-91.561276,152854,cenpop2020
19105,42.138136,-91.200472,20646,cenpop2020
19107,41.324433,-92.175248,10033,cenpop2020
19109,43.143301,-94.221432,14828,cenpop2020
19111,40.560697,-91.397062,33555,cenpop2020
19113,42.008474,-91.648394,230299,cenpop2020
19115,41.225335,-91.262686,10837,cenpop2020
19117,41.022123,-93.312466,8634,cenpop2020
19119,43.385476,-96.227291,11934,cenpop2020
19121,41.348667,-93.98679,16548,cenpop2020
19123,41.311761,-92.642105,22190,cenpop2020
19125,41.357267,-93.041728,33414,cenpop2020
19127,42.030436,-92.938199,40105,cenpop2020
19129,41.050907,-95.693715,14484,cenpop2020
19131,43.334549,-92.806056,10565,cenpop2020
19133,42.062617,-95.988925,8751,cenpop2020
19135,41.03376,-92.825189,7577,cenpop2020
19137,41.009252,-95.169693,10330,cenpop2020
19139,41.465515,-91.077753,43235,cenpop2020
19141,43.129233,-95.69531,14182,cenpop2020
19143,43.387203,-95.680981,6192,cenpop2020
19145,40.746972,-95.18734,15211,cenpop2020
19147,43.101085,-94.688525,8996,cenpop2020
19149,42.748026,-96.20304,25698,cenpop2020
19151,42.744041,-94.706993,7078,cenpop2020
19153,41.630968,-93.640165,492401,cenpop2020
19155,41.278446,-95.79385,93667,cenpop2020
19157,41.712451,-92.624939,18662,cenpop2020
19159,40.737978,-94.237097,4663,cenpop2020
19161,42.37525,-95.089609,9814,cenpop2020
19163,41.5647,-90.562678,174669,cenpop2020
19165,41.662625,-95.32328,11746,cenpop2020
19167,43.080798,-96.167993,35872,cenpop2020
19169,42.025132,-93.604948,98537,cenpop2020
19171,42.062414,-92.544134,17135,cenpop2020
19173,40.753586,-94.679839,5896,cenpop2020
19175,41.054759,-94.318334,12138,cenpop2020
19177,40.744224,-91.942474,7203,cenpop2020
19179,41.01642,-92.418899,35437,cenpop2020
19181,41.40685,-93.595647,52403,cenpop2020
19183,41.365129,-91.69418,22565,cenpop2020
19185,40.733313,-93.304108,6497,cenpop2020
19187,42.481229,-94.179496,36999,cenpop2020
19189,43.341507,-93.663913,10679,cenpop2020
19191,43.281109,-91.813207,20070,cenpop2020
19193,42.483312,-96.345995,105941,cenpop2020
19195,43.369396,-93.250437,7443,cenpop2020
19197,42.732976,-93.756305,12943,cenpop2020
20001,37.896944,-95.369306,12526,cenpop2020
20003,38.251802,-95.263224,7836,cenpop2020
20005,39.555375,-95.179193,16348,cenpop2020
20007,37.211912,-98.557723,4228,cenpop2020
20009,38.396456,-98.75829,25493,cenpop2020
20011,37.845974,-94.749672,14360,cenpop2020
20013,39.805025,-95.551801,9508,cenpop2020
20015,37.725409,-96.99849,67380,cenpop2020
20017,38.358225,-96.558338,2572,cenpop2020
20019,37.115752,-96.228059,3379,cenpop2020
20021,37.114832,-94.751725,19362,cenpop2020
20023,39.769323,-101.738091,2616,cenpop2020
20025,37.295814,-99.886429,1991,cenpop2020
20027,39.354338,-97.122448,8117,cenpop2020
20029,39.53486,-97.635801,9032,cenpop2020
20031,38.249077,-95.741609,8360,cenpop2020
20033,37.233664,-99.373213,1689,cenpop2020
20035,37.17461,-96.99836,34549,cenpop2020
20037,37.438265,-94.729385,38972,cenpop2020
20039,39.804239,-100.484373,2764,cenpop2020
20041,38.886002,-97.152074,18402,cenpop2020
20043,39.787452,-95.071424,7510,cenpop2020
20045,38.942493,-95.254186,118785,cenpop2020
20047,37.913198,-99.352782,2907,cenpop2020
20049,37.423675,-96.239085,2483,cenpop2020
20051,38.882206,-99.330542,28934,cenpop2020
20053,38.725437,-98.268058,6376,cenpop2020
20055,37.977246,-100.863047,38470,cenpop2020
20057,37.753005,-99.995523,34287,cenpop2020
20059,38.603542,-95.260357,25996,cenpop2020
20061,39.040483,-96.838824,36739,cenpop2020
20063,39.047079,-100.377754,2718,cenpop2020
20065,39.358244,-99.855627,2415,cenpop2020
20067,37.580299,-101.351338,7352,cenpop2020
20069,37.724149,-100.412286,5653,cenpop2020
20071,38.483553,-101.758084,1284,cenpop2020
20073,37.861919,-96.224613,6016,cenpop2020
20075,37.98058,-101.760582,2518,cenpop2020
20077,37.215327,-98.049879,5485,cenpop2020
20079,38.046143,-97.385867,34024,cenpop2020
20081,37.495004,-100.890211,3780,cenpop2020
20083,38.085859,-99.860131,1723,cenpop2020
20085,39.402317,-95.752833999999993,13232,cenpop2020
20087,39.210953,-95.397523,18368,cenpop2020
20089,39.777617,-98.198892,2932,cenpop2020
20091,38.924919,-94.740299,609863,cenpop2020
20093,37.951539,-101.24168,3983,cenpop2020
20095,37.610273,-98.098011,7470,cenpop2020
20097,37.595999,-99.252339,2460,cenpop2020
20099,37.259841,-95.262384,20184,cenpop2020
20101,38.504038,-100.483419,1574,cenpop2020
20103,39.23513,-94.959527,81881,cenpop2020
20105,39.035019,-98.186201,2939,cenpop2020
20107,38.239619,-94.800976,9591,cenpop2020
20109,39.095504,-100.926327,2762,cenpop2020
20111,38.416221,-96.17907,32179,cenpop2020
20113,38.382645,-97.646719,30223,cenpop2020
20115,38.324754,-97.127529,11823,cenpop2020
20117,39.800328,-96.573926,10038,cenpop2020
20119,37.292243,-100.396872,4055,cenpop2020
20121,38.595195,-94.83105,34191,cenpop2020
20123,39.45426,-98.175033,5796,cenpop2020
20125,37.143443,-95.693873,31486,cenpop2020
20127,38.694354,-96.58085,5386,cenpop2020
20129,37.043232,-101.840026,2701,cenpop2020
20131,39.829395,-95.96626,10273,cenpop2020
20133,37.623786,-95.396134,15904,cenpop2020
20135,38.488254,-99.897744,2687,cenpop2020
20137,39.82351,-99.876765,5459,cenpop2020
20139,38.699173,-95.713137,15766,cenpop2020
20141,39.425897,-98.705316,3500,cenpop2020
20143,39.096393,-97.682422,5735,cenpop2020
20145,38.179763,-99.146958,6253,cenpop2020
20147,39.759487,-99.348621,4981,cenpop2020
20149,39.251723,-96.332282,25348,cenpop2020
20151,37.6448,-98.730599,9157,cenpop2020
20153,39.807173,-101.050348,2561,cenpop2020
20155,38.051646,-97.931942,61898,cenpop2020
20157,39.817924,-97.659071,4674,cenpop2020
20159,38.320405,-98.199874,9427,cenpop2020
20161,39.190165,-96.632706,71959,cenpop2020
20163,39.321747,-99.314061,4919,cenpop2020
20165,38.527826,-99.281206,2956,cenpop2020
20167,38.904218,-98.830652,6691,cenpop2020
20169,38.814764,-97.605554,54303,cenpop2020
20171,38.481574,-100.913143,5151,cenpop2020
20173,37.680269,-97.34439,523824,cenpop2020
20175,37.051086,-100.918735,21964,cenpop2020
20177,39.034789,-95.706417,178909,cenpop2020
20179,39.368138,-100.463405,2447,cenpop2020
20181,39.350878,-101.726045,5927,cenpop2020
20183,39.770601,-98.805608,3570,cenpop2020
20185,38.005058,-98.733831,4072,cenpop2020
20187,37.565287,-101.757372,2084,cenpop2020
20189,37.187133,-101.322543,5250,cenpop2020
20191,37.303365,-97.406786,22382,cenpop2020
20193,39.384656,-101.050191,7930,cenpop2020
20195,39.003748,-99.881416,2808,cenpop2020
20197,38.989695,-96.178582,6877,cenpop2020
20199,38.885844,-101.761616,1512,cenpop2020
20201,39.779332,-97.048861,5530,cenpop2020
20203,38.494575,-101.349645,2152,cenpop2020
20205,37.511463,-95.739717,8624,cenpop2020
20207,37.876071,-95.735035,3115,cenpop2020
20209,39.106038,-94.712818,169245,cenpop2020
21001,37.107461,-85.27965,18903,cenpop2020
21003,36.750241,-86.210149,20588,cenpop2020
21005,38.02799,-84.925693,23852,cenpop2020
21007,37.043623,-88.976992,7728,cenpop2020
21009,36.995285,-85.932182,44485,cenpop2020
21011,38.138475,-83.7406,12750,cenpop2020
21013,36.680825,-83.70439,24097,cenpop2020
21015,38.984893,-84.678985,135968,cenpop2020
21017,38.203999,-84.246703,20252,cenpop2020
21019,38.432179,-82.666251,48261,cenpop2020
21021,37.637853,-84.796823,30614,cenpop2020
21023,38.701217,-84.072685,8400,cenpop2020
21025,37.518699,-83.377385,13718,cenpop2020
21027,37.769799,-86.408122,20432,cenpop2020
21029,38.023787,-85.651771,82217,cenpop2020
21031,37.217537,-86.677714,12371,cenpop2020
21033,37.125484,-87.878812,12649,cenpop2020
21035,36.621007,-88.30609,37103,cenpop2020
21037,39.032376,-84.439251,93076,cenpop2020
21039,36.855639,-88.946346,4826,cenpop2020
21041,38.669245,-85.140741,10810,cenpop2020
21043,38.314087,-83.034886,26627,cenpop2020
21045,37.301616,-84.925995,15941,cenpop2020
21047,36.80904,-87.477832,72748,cenpop2020
21049,37.986421,-84.182808,36972,cenpop2020
21051,37.168974,-83.750091,20345,cenpop2020
21053,36.715915,-85.13447,9253,cenpop2020
21055,37.33223,-88.095012,8990,cenpop2020
21057,36.782421,-85.389733,5888,cenpop2020
21059,37.747426,-87.095079,103312,cenpop2020
21061,37.192292,-86.253259,12126,cenpop2020
21063,38.122978,-83.108689,7354,cenpop2020
21065,37.707053,-83.991846,14163,cenpop2020
21067,38.020293,-84.49441,322570,cenpop2020
21069,38.388852,-83.709683,15082,cenpop2020
21071,37.558551,-82.7396,35942,cenpop2020
21073,38.195361,-84.867165,51541,cenpop2020
21075,36.538105,-89.037115,6515,cenpop2020
21077,38.764935,-84.841609,8690,cenpop2020
21079,37.650333,-84.575237,16953,cenpop2020
21081,38.689224,-84.602905,24941,cenpop2020
21083,36.742207,-88.650736,36649,cenpop2020
21085,37.471252,-86.30457,26420,cenpop2020
21087,37.265986,-85.538884,11107,cenpop2020
21089,38.55436,-82.809161,35962,cenpop2020
21091,37.868547,-86.805118,9095,cenpop2020
21093,37.743564,-85.915853,110702,cenpop2020
21095,36.866097,-83.2338,26831,cenpop2020
21097,38.414072,-84.314294,18692,cenpop2020
21099,37.280435,-85.88777,19288,cenpop2020
21101,37.817983,-87.564508,44793,cenpop2020
21103,38.4314,-85.180752,15678,cenpop2020
21105,36.664413,-88.956556,4521,cenpop2020
21107,37.308856,-87.52201,45423,cenpop2020
21109,37.400575,-83.992381,12955,cenpop2020
21111,38.201451,-85.686227,782969,cenpop2020
21113,37.886869,-84.585371,52991,cenpop2020
21115,37.830575,-82.817074,22680,cenpop2020
21117,39.011065,-84.549073,169064,cenpop2020
21119,37.328988,-82.942351,14251,cenpop2020
21121,36.902733,-83.921054,30193,cenpop2020
21123,37.542807,-85.723159,14867,cenpop2020
21125,37.091997,-84.087505,62613,cenpop2020
21127,38.081027,-82.677508,16293,cenpop2020
21129,37.590698,-83.702693,7395,cenpop2020
21131,37.115702,-83.376004,10513,cenpop2020
21133,37.146816,-82.807202,21548,cenpop2020
21135,38.564104,-83.350474,13080,cenpop2020
21137,37.473364,-84.670402,24275,cenpop2020
21139,37.133064,-88.351386,8888,cenpop2020
21141,36.859958,-86.862831,27432,cenpop2020
21143,37.065485,-88.079475,8680,cenpop2020
21145,37.0493,-88.649871,67875,cenpop2020
21147,36.713019,-84.447417,16888,cenpop2020
21149,37.51554,-87.221398,9152,cenpop2020
21151,37.70685,-84.286707,92701,cenpop2020
21153,37.733397,-83.057067,11637,cenpop2020
21155,37.570127,-85.28442,19581,cenpop2020
21157,36.897003,-88.34,31659,cenpop2020
21159,37.835468,-82.516965,11287,cenpop2020
21161,38.616511,-83.789096,17120,cenpop2020
21163,37.934417,-86.134606,30003,cenpop2020
21165,37.945275,-83.595979,6113,cenpop2020
21167,37.785035,-84.84891,22641,cenpop2020
21169,36.990976,-85.64095,10286,cenpop2020
21171,36.707799,-85.723364,11338,cenpop2020
21173,38.037988,-83.918227,28114,cenpop2020
21175,37.914473,-83.268972,13726,cenpop2020
21177,37.238076,-87.146244,30928,cenpop2020
21179,37.820783,-85.4595,46738,cenpop2020
21181,38.324558,-84.022987,7537,cenpop2020
21183,37.464465,-86.864757,23772,cenpop2020
21185,38.372614,-85.459227,67607,cenpop2020
21187,38.530989,-84.831041,11278,cenpop2020
21189,37.45244,-83.68482,4051,cenpop2020
21191,38.715312,-84.359242,14644,cenpop2020
21193,37.258818,-83.200329,28473,cenpop2020
21195,37.463914,-82.427235,58669,cenpop2020
21197,37.850736,-83.880539,13129,cenpop2020
21199,37.092197,-84.614379,65034,cenpop2020
21201,38.520923,-84.051005,2193,cenpop2020
21203,37.380897,-84.351176,16037,cenpop2020
21205,38.194754,-83.444323,24662,cenpop2020
21207,37.030799,-85.058512,17991,cenpop2020
21209,38.230636,-84.568282,57155,cenpop2020
21211,38.212966,-85.232221,48065,cenpop2020
21213,36.732484,-86.571947,19594,cenpop2020
21215,38.06313,-85.350311,19490,cenpop2020
21217,37.350286,-85.342524,26023,cenpop2020
21219,36.812095,-87.173233,12243,cenpop2020
21221,36.845549,-87.834907,14061,cenpop2020
21223,38.61932,-85.33207,8474,cenpop2020
21225,37.652277,-87.929907,13668,cenpop2020
21227,36.966984,-86.435814,134554,cenpop2020
21229,37.738166,-85.192752,12027,cenpop2020
21231,36.838184,-84.845965,19555,cenpop2020
21233,37.502386,-87.68192,13017,cenpop2020
21235,36.814087,-84.141533,36712,cenpop2020
21237,37.739826,-83.509721,6562,cenpop2020
21239,38.048373,-84.726705,26871,cenpop2020
22001,30.281563,-92.350979,57576,cenpop2020
22003,30.669442,-92.779523,22750,cenpop2020
22005,30.254386,-90.934071,126500,cenpop2020
22007,29.921462,-91.065832,21039,cenpop2020
22009,31.057263,-92.067528,39693,cenpop2020
22011,30.723548,-93.282544,36549,cenpop2020
22013,32.384335,-93.079008,12981,cenpop2020
22015,32.560816,-93.659046,128746,cenpop2020
22017,32.468933,-93.799166,237848,cenpop2020
22019,30.225067,-93.257749,216785,cenpop2020
22021,32.073032,-92.104629,9645,cenpop2020
22023,29.957136,-93.210852,5617,cenpop2020
22025,31.694978,-91.820047,8906,cenpop2020
22027,32.826371,-93.033201,14170,cenpop2020
22029,31.592181,-91.54632,18687,cenpop2020
22031,32.121308,-93.778274,26812,cenpop2020
22033,30.460289,-91.100064,456781,cenpop2020
22035,32.761788,-91.184557,7459,cenpop2020
22037,30.820502,-91.090607,19539,cenpop2020
22039,30.690294,-92.361575,32350,cenpop2020
22041,32.147658,-91.695666,19774,cenpop2020
22043,31.530198,-92.538082,22169,cenpop2020
22045,29.994242,-91.80964,69929,cenpop2020
22047,30.271035,-91.232013,30241,cenpop2020
22049,32.283184,-92.643112,15031,cenpop2020
22051,29.945816,-90.152287,440781,cenpop2020
22053,30.241059,-92.746247,32250,cenpop2020
22055,30.198103,-92.042199,241753,cenpop2020
22057,29.690273,-90.63396,97557,cenpop2020
22059,31.726006,-92.16954,14791,cenpop2020
22061,32.54964,-92.645045,48396,cenpop2020
22063,30.48237,-90.843081,142282,cenpop2020
22065,32.397655,-91.197847,10017,cenpop2020
22067,32.785896,-91.8883,25629,cenpop2020
22069,31.757091,-93.097411,37515,cenpop2020
22071,29.975765,-90.05295,383997,cenpop2020
22073,32.516411,-92.131922,160368,cenpop2020
22075,29.725872,-89.903288,23515,cenpop2020
22077,30.664814,-91.4947,20758,cenpop2020
22079,31.286365,-92.455373,130023,cenpop2020
22081,32.054844,-93.305191,7620,cenpop2020
22083,32.440206,-91.718715,20043,cenpop2020
22085,31.578134,-93.564477,22155,cenpop2020
22087,29.930597,-89.937239,43764,cenpop2020
22089,29.938265,-90.376212,52549,cenpop2020
22091,30.786666,-90.693517,10920,cenpop2020
22093,30.020844,-90.736618000000007,20192,cenpop2020
22095,30.072182,-90.511201,42477,cenpop2020
22097,30.510054,-92.112737,82540,cenpop2020
22099,30.231079,-91.83735,51767,cenpop2020
22101,29.738031,-91.339006,49406,cenpop2020
22103,30.386943,-89.961836,264570,cenpop2020
22105,30.561076,-90.449002,133157,cenpop2020
22107,31.960595,-91.298951,4147,cenpop2020
22109,29.596256,-90.725647,109580,cenpop2020
22111,32.788831,-92.398543,21107,cenpop2020
22113,29.998731,-92.161801,57359,cenpop2020
22115,31.09456,-93.24714,48750,cenpop2020
22117,30.839568,-90.004103,45463,cenpop2020
22119,32.699031,-93.338052,36967,cenpop2020
22121,30.436753,-91.266575,27199,cenpop2020
22123,32.827035,-91.427421,9751,cenpop2020
22125,30.888343,-91.442588,15310,cenpop2020
22127,31.930579,-92.67791,13755,cenpop2020
23001,44.117226,-70.202081,111139,cenpop2020
23003,46.701279,-68.088411,67105,cenpop2020
23005,43.746359,-70.305033,303069,cenpop2020
23007,44.707406,-70.225872,29456,cenpop2020
23009,44.471045,-68.468176,55478,cenpop2020
23011,44.395615,-69.748924,123642,cenpop2020
23013,44.132937,-69.161632,40607,cenpop2020
23015,44.034295,-69.553445,35237,cenpop2020
23017,44.279251,-70.614092,57777,cenpop2020
23019,44.944506,-68.797457,152199,cenpop2020
23021,45.242664,-69.256031,16800,cenpop2020
23023,43.956844,-69.871506,36699,cenpop2020
23025,44.820189,-69.685098,50477,cenpop2020
23027,44.490051,-69.086158,39607,cenpop2020
23029,44.861852,-67.46595,31095,cenpop2020
23031,43.422532,-70.64015,211972,cenpop2020
24001,39.628458,-78.820665,68106,cenpop2020
24003,39.071038,-76.604417,588261,cenpop2020
24005,39.368834,-76.620325,854535,cenpop2020
24009,38.551108,-76.54407,92783,cenpop2020
24011,38.873476,-75.830203,33293,cenpop2020
24013,39.526206,-76.993056,172891,cenpop2020
24015,39.614177,-75.936285,103725,cenpop2020
24017,38.58147,-76.951519,166617,cenpop2020
24019,38.571271,-76.011658,32531,cenpop2020
24021,39.427679,-77.400605,271717,cenpop2020
24023,39.51324,-79.305826,28806,cenpop2020
24025,39.520613,-76.309261,260924,cenpop2020
24027,39.217658,-76.854298,332317,cenpop2020
24029,39.244676,-76.05767,19198,cenpop2020
24031,39.087069,-77.124126,1062061,cenpop2020
24033,38.909313,-76.888689,967201,cenpop2020
24035,39.021381,-76.149985,49874,cenpop2020
24037,38.307223,-76.577954,113777,cenpop2020
24039,38.13306,-75.742151,24620,cenpop2020
24041,38.7685,-76.098027,37526,cenpop2020
24043,39.618688,-77.73148,154705,cenpop2020
24045,38.372255,-75.593756,103588,cenpop2020
24047,38.30361,-75.234513,52460,cenpop2020
24510,39.314378,-76.618104,585708,cenpop2020
25001,41.692343,-70.328659,228996,cenpop2020
25003,42.456888,-73.218336,129026,cenpop2020
25005,41.794278,-71.109451,579200,cenpop2020
25007,41.419712,-70.60331,20600,cenpop2020
25009,42.625306,-70.991432,809829,cenpop2020
25011,42.578152,-72.559152,71029,cenpop2020
25013,42.125554,-72.574333,465825,cenpop2020
25015,42.312741,-72.572165,162308,cenpop2020
25017,42.447845,-71.254598,1632002,cenpop2020
25019,41.267216,-70.089225,14255,cenpop2020
25021,42.202442,-71.146359,725981,cenpop2020
25023,42.023677,-70.855576,530819,cenpop2020
25025,42.336102,-71.077148,797936,cenpop2020
25027,42.303377,-71.802715,862111,cenpop2020
26001,44.668106,-83.46556,10167,cenpop2020
26003,46.384467,-86.711752,8842,cenpop2020
26005,42.608445,-85.871027,120502,cenpop2020
26007,45.050588,-83.502895,28907,cenpop2020
26009,44.978317,-85.198554,23431,cenpop2020
26011,44.044452,-83.884489,15002,cenpop2020
26013,46.766517,-88.450012,8158,cenpop2020
26015,42.618511,-85.349392,62423,cenpop2020
26017,43.629992,-83.929196,103856,cenpop2020
26019,44.651834,-86.011382,17970,cenpop2020
26021,41.985704,-86.406377,154316,cenpop2020
26023,41.929177,-85.030705,44862,cenpop2020
26025,42.289631,-85.106049,134310,cenpop2020
26027,41.892277,-86.040504,51589,cenpop2020
26029,45.244536,-85.11101,26054,cenpop2020
26031,45.511041,-84.52108,25579,cenpop2020
26033,46.365585,-84.396326,36785,cenpop2020
26035,43.944384,-84.825684999999993,30856,cenpop2020
26037,42.886259,-84.55428,79128,cenpop2020
26039,44.657052,-84.668957,12988,cenpop2020
26041,45.801912,-87.065752,36903,cenpop2020
26043,45.832994,-88.014029,25947,cenpop2020
26045,42.645094,-84.739621,109175,cenpop2020
26047,45.432042,-84.910442,34112,cenpop2020
26049,43.002399,-83.693809,406211,cenpop2020
26051,43.968003,-84.439806,25386,cenpop2020
26053,46.446365,-89.992958,14380,cenpop2020
26055,44.713441,-85.613028,95238,cenpop2020
26057,43.34413,-84.631259,41761,cenpop2020
26059,41.916883,-84.605231,45746,cenpop2020
26061,47.127331,-88.54177,37361,cenpop2020
26063,43.832366,-83.063027,31407,cenpop2020
26065,42.688382,-84.486253,284900,cenpop2020
26067,42.957003,-85.086727,66804,cenpop2020
26069,44.357042,-83.532361,25237,cenpop2020
26071,46.099565,-88.53764,11631,cenpop2020
26073,43.608534,-84.80345,64394,cenpop2020
26075,42.241802,-84.406618,160366,cenpop2020
26077,42.262549,-85.586372,261670,cenpop2020
26079,44.720582,-85.164963,17939,cenpop2020
26081,42.961776,-85.625638,657974,cenpop2020
26083,47.336126,-88.289269,2046,cenpop2020
26085,43.95721,-85.799431,12096,cenpop2020
26087,43.058194,-83.249396,88619,cenpop2020
26089,44.906992,-85.730072,22301,cenpop2020
26091,41.926112,-84.052777,99423,cenpop2020
26093,42.575026,-83.856466,193866,cenpop2020
26095,46.335663,-85.56135,5339,cenpop2020
26097,45.997314,-84.881331,10834,cenpop2020
26099,42.589118,-82.957895,881217,cenpop2020
26101,44.306321,-86.185294,25032,cenpop2020
26103,46.486717,-87.492759,66017,cenpop2020
26105,43.97455,-86.346719,29052,cenpop2020
26107,43.650863,-85.382191,39714,cenpop2020
26109,45.342064,-87.579801,23502,cenpop2020
26111,43.643318,-84.296349,83494,cenpop2020
26113,44.307677,-85.179858,15052,cenpop2020
26115,41.901664,-83.486421000000007,154809,cenpop2020
26117,43.283564,-85.172737,66614,cenpop2020
26119,44.997449,-84.12591,9153,cenpop2020
26121,43.243847,-86.214941,175824,cenpop2020
26123,43.466224,-85.811272,49978,cenpop2020
26125,42.586862000000004,-83.314039,1274395,cenpop2020
26127,43.632662,-86.305778,26659,cenpop2020
26129,44.286618,-84.127345,20770,cenpop2020
26131,46.718929,-89.288199,5816,cenpop2020
26133,43.965434,-85.357843,22891,cenpop2020
26135,44.701471,-84.14837,8219,cenpop2020
26137,45.006949,-84.666769,25091,cenpop2020
26139,42.911054,-86.015862,296200,cenpop2020
26141,45.356976,-83.868249,12982,cenpop2020
26143,44.364342,-84.650133,23459,cenpop2020
26145,43.399088,-83.996446,190124,cenpop2020
26147,42.912215,-82.563457,160383,cenpop2020
26149,41.887521,-85.526887,60939,cenpop2020
26151,43.365189,-82.782963,40611,cenpop2020
26153,46.006087,-86.226826,8047,cenpop2020
26155,42.942704,-84.147876,68094,cenpop2020
26157,43.429916,-83.433939,53323,cenpop2020
26159,42.260186,-86.001338,75587,cenpop2020
26161,42.257602,-83.726939,372258,cenpop2020
26163,42.329477,-83.226321,1793561,cenpop2020
26165,44.309686,-85.486553,33673,cenpop2020
27001,46.570797,-93.52998,15697,cenpop2020
27003,45.195033,-93.269315,363887,cenpop2020
27005,46.846984,-95.781108,35183,cenpop2020
27007,47.585267,-94.86333,46228,cenpop2020
27009,45.634664,-94.10435,41379,cenpop2020
27011,45.395362,-96.446286,5166,cenpop2020
27013,44.133623,-93.994417,69112,cenpop2020
27015,44.285144,-94.59176,25912,cenpop2020
27017,46.644206,-92.532283,36207,cenpop2020
27019,44.836919,-93.679267,106922,cenpop2020
27021,46.817725,-94.417932,30066,cenpop2020
27023,44.961846,-95.618298,12598,cenpop2020
27025,45.452093,-92.924032,56621,cenpop2020
27027,46.855003,-96.673903,65318,cenpop2020
27029,47.559971,-95.388788,8524,cenpop2020
27031,47.790102,-90.339448,5600,cenpop2020
27033,43.938574,-95.120928,11517,cenpop2020
27035,46.430863,-94.162322,66123,cenpop2020
27037,44.763244,-93.154642,439882,cenpop2020
27039,44.030082,-92.805954,20867,cenpop2020
27041,45.907933,-95.389465,39006,cenpop2020
27043,43.682751,-93.954993,13921,cenpop2020
27045,43.696271,-92.081754,21228,cenpop2020
27047,43.662772,-93.361666,30895,cenpop2020
27049,44.446353,-92.66657,47582,cenpop2020
27051,45.948536,-95.931474,6074,cenpop2020
27053,44.976697,-93.361233,1281565,cenpop2020
27055,43.720423,-91.438661,18843,cenpop2020
27057,47.058441,-94.933356,21344,cenpop2020
27059,45.542718,-93.259775,41135,cenpop2020
27061,47.315009,-93.521135,45014,cenpop2020
27063,43.66536,-95.109576,9989,cenpop2020
27065,45.885216,-93.297994,16032,cenpop2020
27067,45.154628,-95.017492,43732,cenpop2020
27069,48.729252,-96.77663,4207,cenpop2020
27071,48.510977,-93.489801,12062,cenpop2020
27073,44.982404,-96.130868,6719,cenpop2020
27075,47.186485,-91.560751,10905,cenpop2020
27077,48.769541,-94.744612,3763,cenpop2020
27079,44.39681,-93.716142,28674,cenpop2020
27081,44.373948,-96.252306,5640,cenpop2020
27083,44.428528,-95.796682,25269,cenpop2020
27085,44.85967,-94.264775,36771,cenpop2020
27087,47.300158,-95.837513,5411,cenpop2020
27089,48.306927,-96.530084,9040,cenpop2020
27091,43.665559,-94.50935,20025,cenpop2020
27093,45.136287,-94.481246,23400,cenpop2020
27095,45.790781,-93.623033,26459,cenpop2020
27097,45.984633,-94.329081,34010,cenpop2020
27099,43.665401,-92.901937,40029,cenpop2020
27101,43.982392,-95.740801,8179,cenpop2020
27103,44.265352,-94.058378,34454,cenpop2020
27105,43.635008,-95.663888,22290,cenpop2020
27107,47.308519,-96.484363,6441,cenpop2020
27109,44.024514,-92.476238,162847,cenpop2020
27111,46.408729,-95.789225,60081,cenpop2020
27113,48.102851,-96.147968,13992,cenpop2020
27115,46.030418,-92.894181,28876,cenpop2020
27117,43.980739,-96.268335,9424,cenpop2020
27119,47.783873,-96.562798,31192,cenpop2020
27121,45.630228,-95.439435,11308,cenpop2020
27123,44.99291,-93.10565,552352,cenpop2020
27125,47.875652,-96.132058,3935,cenpop2020
27127,44.440045,-95.189914,15425,cenpop2020
27129,44.721227,-94.942285,14723,cenpop2020
27131,44.372673,-93.26165,67097,cenpop2020
27133,43.648084,-96.237081,9704,cenpop2020
27135,48.82443,-95.646717,15331,cenpop2020
27137,47.078425,-92.307366,200231,cenpop2020
27139,44.714553,-93.466447,150928,cenpop2020
27141,45.402446,-93.718866,97183,cenpop2020
27143,44.58252,-94.165538,14836,cenpop2020
27145,45.559158,-94.355044,158292,cenpop2020
27147,44.06586,-93.214616,37406,cenpop2020
27149,45.577955,-95.921798,9671,cenpop2020
27151,45.272889,-95.637582,9838,cenpop2020
27153,46.065805,-94.889142,25262,cenpop2020
27155,45.751962,-96.547312,3360,cenpop2020
27157,44.298281,-92.21876,21387,cenpop2020
27159,46.52738,-95.044753,14065,cenpop2020
27161,44.062525,-93.551329,18968,cenpop2020
27163,44.985726,-92.921431,267568,cenpop2020
27165,43.992768,-94.58359,11253,cenpop2020
27167,46.316429,-96.525623,6506,cenpop2020
27169,44.023673,-91.718459,49671,cenpop2020
27171,45.199091,-93.818147,141337,cenpop2020
27173,44.737396,-95.830115,9528,cenpop2020
28001,31.545814,-91.35434,29538,cenpop2020
28003,34.909527,-88.529805,34740,cenpop2020
28005,31.187109,-90.807611,12720,cenpop2020
28007,33.065276,-89.589172,17889,cenpop2020
28009,34.813848,-89.203932,7646,cenpop2020
28011,33.771865,-90.768825,30985,cenpop2020
28013,33.930069,-89.309537,13266,cenpop2020
28015,33.46177,-89.919301,9998,cenpop2020
28017,33.93085,-88.93891,17106,cenpop2020
28019,33.339222,-89.234179,8246,cenpop2020
28021,31.931505,-90.950731,9135,cenpop2020
28023,32.067249,-88.731696,15615,cenpop2020
28025,33.624883,-88.693,18636,cenpop2020
28027,34.220105,-90.57036,21390,cenpop2020
28029,31.893381,-90.378623,28368,cenpop2020
28031,31.634654,-89.546964,18340,cenpop2020
28033,34.927389,-89.949653,185314,cenpop2020
28035,31.309279,-89.287954,78158,cenpop2020
28037,31.471678,-90.866734,7675,cenpop2020
28039,30.868417,-88.590917,24350,cenpop2020
28041,31.195402,-88.629422,13530,cenpop2020
28043,33.76756,-89.803438,21629,cenpop2020
28045,30.379142,-89.404092,46053,cenpop2020
28047,30.434161,-89.063779,208621,cenpop2020
28049,32.304046,-90.257,227742,cenpop2020
28051,33.089593,-90.028731,17000,cenpop2020
28053,33.164116,-90.518897,7785,cenpop2020
28055,32.889296,-91.018573,1338,cenpop2020
28057,34.289689,-88.404342,23863,cenpop2020
28059,30.443696,-88.66863,143252,cenpop2020
28061,31.961091,-89.144805,16367,cenpop2020
28063,31.714009,-91.057536,7260,cenpop2020
28065,31.575445,-89.816038,11321,cenpop2020
28067,31.667175,-89.167194,67246,cenpop2020
28069,32.763776,-88.672958,8988,cenpop2020
28071,34.359415,-89.52675,55813,cenpop2020
28073,31.273921,-89.439932,64222,cenpop2020
28075,32.401267,-88.692876,72984,cenpop2020
28077,31.553787,-90.110558,12016,cenpop2020
28079,32.733654,-89.510973,21275,cenpop2020
28081,34.278226,-88.703819,83343,cenpop2020
28083,33.513518,-90.203416,28339,cenpop2020
28085,31.54927,-90.457896,34907,cenpop2020
28087,33.520258,-88.389424,58879,cenpop2020
28089,32.509875,-90.104845,109145,cenpop2020
28091,31.245825,-89.830527,24441,cenpop2020
28093,34.816553999999996,-89.544076,33752,cenpop2020
28095,33.926461,-88.499061,34180,cenpop2020
28097,33.496327,-89.682458,9822,cenpop2020
28099,32.755039,-89.120008,29087,cenpop2020
28101,32.415269,-89.129364,21291,cenpop2020
28103,33.13285,-88.549668,10285,cenpop2020
28105,33.448413,-88.825442,51788,cenpop2020
28107,34.345346,-89.934868,33208,cenpop2020
28109,30.640759,-89.631685,56145,cenpop2020
28111,31.262146,-88.992608,11511,cenpop2020
28113,31.219047,-90.435044,40324,cenpop2020
28115,34.253564,-89.015136,31184,cenpop2020
28117,34.632609,-88.552077,25008,cenpop2020
28119,34.267733,-90.26323,6176,cenpop2020
28121,32.281333,-90.030487,157031,cenpop2020
28123,32.40164,-89.529579,27990,cenpop2020
28125,32.921684,-90.862626,3800,cenpop2020
28127,31.915898,-89.855744,25949,cenpop2020
28129,31.970107,-89.504515,14209,cenpop2020
28131,30.806397,-89.135849,18333,cenpop2020
28133,33.593307,-90.584134,25971,cenpop2020
28135,33.984159,-90.182077,12715,cenpop2020
28137,34.644191,-89.948269,28064,cenpop2020
28139,34.765765,-88.924324,21815,cenpop2020
28141,34.730586,-88.228294,18850,cenpop2020
28143,34.720692,-90.341396,9782,cenpop2020
28145,34.483103,-89.010519,27777,cenpop2020
28147,31.150842,-90.122962,13884,cenpop2020
28149,32.324815,-90.843777,44722,cenpop2020
28151,33.369011,-91.01078,44922,cenpop2020
28153,31.650518,-88.662531,19779,cenpop2020
28155,33.582804,-89.220716,9926,cenpop2020
28157,31.123212,-91.245215,8587,cenpop2020
28159,33.084971,-89.042025,17714,cenpop2020
28161,34.081548,-89.694995,12481,cenpop2020
28163,32.829241,-90.38218,26743,cenpop2020
29001,40.195278,-92.581512,25314,cenpop2020
29003,39.919858,-94.8166,18135,cenpop2020
29005,40.420914,-95.436109,5305,cenpop2020
29007,39.203899,-91.826614,24962,cenpop2020
29009,36.737459,-93.865725,34534,cenpop2020
29011,37.495949,-94.305362,11637,cenpop2020
29013,38.280773,-94.362779,16042,cenpop2020
29015,38.301006,-93.310017,19394,cenpop2020
29017,37.340708,-89.999696,10567,cenpop2020
29019,38.956712,-92.321624,183610,cenpop2020
29021,39.750709,-94.819825,84793,cenpop2020
29023,36.756985,-90.417972,42130,cenpop2020
29025,39.663863,-93.998899,8815,cenpop2020
29027,38.797548,-91.997518,44283,cenpop2020
29029,38.073064,-92.746042,42745,cenpop2020
29031,37.355235,-89.607695,81710,cenpop2020
29033,39.408302,-93.496539,8495,cenpop2020
29035,36.947475,-90.885719,5202,cenpop2020
29037,38.751052,-94.424307,107824,cenpop2020
29039,37.765491,-93.895266,14188,cenpop2020
29041,39.486142,-92.931479,7408,cenpop2020
29043,37.027878,-93.264355,88842,cenpop2020
29045,40.412112,-91.708614,6634,cenpop2020
29047,39.252956,-94.497328,253335,cenpop2020
29049,39.602433,-94.367454,21184,cenpop2020
29051,38.55255,-92.220619,77279,cenpop2020
29053,38.91006,-92.772757,17103,cenpop2020
29055,38.061879,-91.321648,23056,cenpop2020
29057,37.415382,-93.824927,7569,cenpop2020
29059,37.643751,-93.066641,17071,cenpop2020
29061,39.938229,-93.980672,8430,cenpop2020
29063,39.825582,-94.354573,11029,cenpop2020
29065,37.631372,-91.545105,14421,cenpop2020
29067,36.940662,-92.603414,11578,cenpop2020
29069,36.324914,-90.058119,28283,cenpop2020
29071,38.436356,-90.998977,104682,cenpop2020
29073,38.446364,-91.490137,14794,cenpop2020
29075,40.203737,-94.432825,6162,cenpop2020
29077,37.192242,-93.309507,298915,cenpop2020
29079,40.093264,-93.59577,9808,cenpop2020
29081,40.315594,-94.001268,8157,cenpop2020
29083,38.394287,-93.73769,21946,cenpop2020
29085,37.91105,-93.329051,8279,cenpop2020
29087,40.084331,-95.185877,4223,cenpop2020
29089,39.140559,-92.70446,10151,cenpop2020
29091,36.792561,-91.873718,39750,cenpop2020
29093,37.578019,-90.713802,9537,cenpop2020
29095,39.00998,-94.444287,717204,cenpop2020
29097,37.129578,-94.444125,122761,cenpop2020
29099,38.340859,-90.475056,226739,cenpop2020
29101,38.758577,-93.770288,54013,cenpop2020
29103,40.155205,-92.154081,3744,cenpop2020
29105,37.669688,-92.653795,36039,cenpop2020
29107,39.055172,-93.842193,32984,cenpop2020
29109,37.034976,-93.799734,38001,cenpop2020
29111,40.08916,-91.641748,10032,cenpop2020
29113,38.996776,-90.929751,59574,cenpop2020
29115,39.797177,-93.066695,11874,cenpop2020
29117,39.79808,-93.553067,14557,cenpop2020
29119,36.615343,-94.399016,23303,cenpop2020
29121,39.796483,-92.50812,15209,cenpop2020
29123,37.539522,-90.299752,12626,cenpop2020
29125,38.170013,-91.878849,8432,cenpop2020
29127,39.741435,-91.457393,28525,cenpop2020
29129,40.415018,-93.579508,3538,cenpop2020
29131,38.246362,-92.50897,24722,cenpop2020
29133,36.856032,-89.368458,12577,cenpop2020
29135,38.627456,-92.611037,15473,cenpop2020
29137,39.524752,-91.966322,8666,cenpop2020
29139,38.948967,-91.467436,11322,cenpop2020
29141,38.383773,-92.85098,21006,cenpop2020
29143,36.612845,-89.651942,16434,cenpop2020
29145,36.921726,-94.414367,58648,cenpop2020
29147,40.352259,-94.868321,21241,cenpop2020
29149,36.614979,-91.47387,8635,cenpop2020
29151,38.455126,-91.884527,13274,cenpop2020
29153,36.623314,-92.421851,8553,cenpop2020
29155,36.179974,-89.744692,15661,cenpop2020
29157,37.713861,-89.85786,18956,cenpop2020
29159,38.701441,-93.247496,42980,cenpop2020
29161,37.943357,-91.747022,44638,cenpop2020
29163,39.362999,-91.160041,17587,cenpop2020
29165,39.260346,-94.683735,106718,cenpop2020
29167,37.602027,-93.404435,31519,cenpop2020
29169,37.822042,-92.175732,53955,cenpop2020
29171,40.483035,-92.984514,4681,cenpop2020
29173,39.579823,-91.469172,10355,cenpop2020
29175,39.413737,-92.451801,24716,cenpop2020
29177,39.336637,-94.062098,23158,cenpop2020
29179,37.329,-90.970144,6096,cenpop2020
29181,36.626945,-90.790679,10679,cenpop2020
29183,38.778572,-90.671284,405262,cenpop2020
29185,38.057169,-93.763876,9284,cenpop2020
29186,37.94083,-90.165655,18479,cenpop2020
29187,37.834497,-90.488054,66922,cenpop2020
29189,38.644521,-90.389519,1004125,cenpop2020
29195,39.111399,-93.202654,23333,cenpop2020
29197,40.461863,-92.520354,4032,cenpop2020
29199,40.44806,-92.151796,4716,cenpop2020
29201,37.015235,-89.577539,38059,cenpop2020
29203,37.068998,-91.432915,7031,cenpop2020
29205,39.761716,-92.07725,6103,cenpop2020
29207,36.847864,-89.970872,28672,cenpop2020
29209,36.723445,-93.437769,31076,cenpop2020
29211,40.21493,-93.101593,5999,cenpop2020
29213,36.657085,-93.195143,56066,cenpop2020
29215,37.330114,-91.966146,24487,cenpop2020
29217,37.836794,-94.33739,19707,cenpop2020
29219,38.790363,-91.098557,35532,cenpop2020
29221,37.953782,-90.785794,23514,cenpop2020
29223,37.109113,-90.523545,10974,cenpop2020
29225,37.26294,-92.906843,39085,cenpop2020
29227,40.481643,-94.437082,1973,cenpop2020
29229,37.193283,-92.433272,18188,cenpop2020
29510,38.620558,-90.253332,301578,cenpop2020
30001,45.225028,-112.693549,9371,cenpop2020
30003,45.568552,-107.499673,13124,cenpop2020
30005,48.432419,-108.871588,7044,cenpop2020
30007,46.281619,-111.543362,6774,cenpop2020
30009,45.322269,-109.084845,10473,cenpop2020
30011,45.687353,-104.525341,1415,cenpop2020
30013,47.491558,-111.306586,84414,cenpop2020
30015,47.962552,-110.386252,5895,cenpop2020
30017,46.401678,-105.814642,11867,cenpop2020
30019,48.783637,-105.431739,1661,cenpop2020
30021,47.137216,-104.748806,8940,cenpop2020
30023,46.135851,-112.955566,9421,cenpop2020
30025,46.360506,-104.316077,3049,cenpop2020
30027,47.092022,-109.4146,11446,cenpop2020
30029,48.24738,-114.28093,104357,cenpop2020
30031,45.682956,-111.128767,118960,cenpop2020
30033,47.309975,-106.946674,1173,cenpop2020
30035,48.601084,-112.803122,13778,cenpop2020
30037,46.297881,-109.120778,823,cenpop2020
30039,46.445392,-113.319927,3309,cenpop2020
30041,48.511678,-109.767061,16309,cenpop2020
30043,46.268426,-112.045462,12085,cenpop2020
30045,47.094038,-110.171269,2023,cenpop2020
30047,47.608393,-114.123168,31134,cenpop2020
30049,46.646621,-112.019644,70973,cenpop2020
30051,48.538044,-110.985198,1959,cenpop2020
30053,48.553306,-115.42649,19677,cenpop2020
30055,47.569721,-105.638886,1729,cenpop2020
30057,45.419014,-111.922649,8623,cenpop2020
30059,46.529828,-110.881517,1927,cenpop2020
30061,47.182752,-114.894335,4535,cenpop2020
30063,46.875546,-114.021512,117922,cenpop2020
30065,46.420108,-108.483111,4730,cenpop2020
30067,45.604896,-110.596931,17191,cenpop2020
30069,47.012154,-108.317862,496,cenpop2020
30071,48.367246,-107.86655,4217,cenpop2020
30073,48.211424,-112.157767,5898,cenpop2020
30075,45.438494,-105.544609,1694,cenpop2020
30077,46.450646,-112.757979,6946,cenpop2020
30079,46.809714,-105.276222,1088,cenpop2020
30081,46.358548,-114.111357,44174,cenpop2020
30083,47.72072,-104.204227,11491,cenpop2020
30085,48.134392,-105.212553,10794,cenpop2020
30087,45.902894,-106.612238,8329,cenpop2020
30089,47.635009,-115.175789,12400,cenpop2020
30091,48.734101,-104.49367,3539,cenpop2020
30093,45.98746,-112.525517,35133,cenpop2020
30095,45.615383,-109.238178,8963,cenpop2020
30097,45.829391,-109.91651,3678,cenpop2020
30099,47.762524,-112.039341,6226,cenpop2020
30101,48.578065,-111.850473,4971,cenpop2020
30103,46.247085,-107.247111,762,cenpop2020
30105,48.236249,-106.541586,7578,cenpop2020
30107,46.454552,-109.845461,2069,cenpop2020
30109,46.969955,-104.191241,937,cenpop2020
30111,45.789945,-108.546051,164731,cenpop2020
31001,40.585501,-98.41518,31205,cenpop2020
31003,42.147054,-98.057377,6295,cenpop2020
31005,41.569368,-101.678874,434,cenpop2020
31007,41.558824,-103.721644,674,cenpop2020
31009,41.906138,-100.013369,431,cenpop2020
31011,41.677314,-98.014023,5379,cenpop2020
31013,42.136678,-102.905215,10842,cenpop2020
31015,42.893569,-98.74483,1810,cenpop2020
31017,42.543087,-99.849627,2903,cenpop2020
31019,40.737756,-99.072828,50084,cenpop2020
31021,41.845218,-96.347791,6722,cenpop2020
31023,41.247435,-97.141745,8369,cenpop2020
31025,40.949471,-96.063719,26598,cenpop2020
31027,42.576739,-97.250958,8380,cenpop2020
31029,40.501955,-101.625629,3893,cenpop2020
31031,42.788407,-100.749694,5455,cenpop2020
31033,41.164852,-102.982567,9468,cenpop2020
31035,40.547589,-98.027882,6104,cenpop2020
31037,41.515594,-97.076357,10582,cenpop2020
31039,41.896856,-96.758441,9013,cenpop2020
31041,41.400577,-99.673936,10545,cenpop2020
31043,42.446864,-96.438647,21582,cenpop2020
31045,42.786274,-103.066332,8199,cenpop2020
31047,40.827351,-99.856676,24111,cenpop2020
31049,41.090929,-102.33652,1838,cenpop2020
31051,42.436803,-96.826061,5606,cenpop2020
31053,41.471288,-96.528637,37167,cenpop2020
31055,41.26173,-96.069741,584526,cenpop2020
31057,40.089487,-101.59927,1654,cenpop2020
31059,40.541248,-97.580053,5551,cenpop2020
31061,40.185987,-98.95454,2889,cenpop2020
31063,40.609996,-100.398828,2519,cenpop2020
31065,40.250813,-99.934116,4636,cenpop2020
31067,40.280866,-96.713556,21704,cenpop2020
31069,41.429505,-102.323863,1874,cenpop2020
31071,41.803658,-99.104124,1813,cenpop2020
31073,40.59443,-99.826842,1893,cenpop2020
31075,41.969597,-101.734576,611,cenpop2020
31077,41.555312,-98.49942,2188,cenpop2020
31079,40.91634,-98.377793,62895,cenpop2020
31081,40.879505,-98.023002,9429,cenpop2020
31083,40.145347,-99.406335,3073,cenpop2020
31085,40.500842,-101.049757,856,cenpop2020
31087,40.21095,-101.004675,2616,cenpop2020
31089,42.460461,-98.743792,10127,cenpop2020
31091,42.010663,-101.050551,711,cenpop2020
31093,41.18917,-98.489627,6475,cenpop2020
31095,40.164225,-97.141688,7240,cenpop2020
31097,40.401098,-96.227732,5290,cenpop2020
31099,40.507252,-98.99218,6688,cenpop2020
31101,41.141819,-101.6998,8335,cenpop2020
31103,42.868932,-99.717406,769,cenpop2020
31105,41.231296,-103.66158,3434,cenpop2020
31107,42.62421,-97.782589,8391,cenpop2020
31109,40.799269,-96.671536,322608,cenpop2020
31111,41.119294,-100.789525,34676,cenpop2020
31113,41.499176,-100.507661,716,cenpop2020
31115,41.832646,-99.416371,607,cenpop2020
31117,41.560427,-101.004858,399,cenpop2020
31119,42.00636,-97.461443,35585,cenpop2020
31121,41.130786,-98.037243,7668,cenpop2020
31123,41.708586,-103.162925,4555,cenpop2020
31125,41.404591,-97.896242,3380,cenpop2020
31127,40.401975,-95.839188,7074,cenpop2020
31129,40.114628,-98.0618,4095,cenpop2020
31131,40.670824,-96.03688,15912,cenpop2020
31133,40.133204,-96.177346,2544,cenpop2020
31135,40.844891,-101.675458,2858,cenpop2020
31137,40.466361,-99.40454,8968,cenpop2020
31139,42.259529,-97.591612,7317,cenpop2020
31141,41.46697,-97.385528,34296,cenpop2020
31143,41.173605,-97.55672,5214,cenpop2020
31145,40.206742,-100.592097,10702,cenpop2020
31147,40.099879,-95.669705,7871,cenpop2020
31149,42.536738,-99.499863,1262,cenpop2020
31151,40.579217,-97.016896,14292,cenpop2020
31153,41.152889,-96.0437,190604,cenpop2020
31155,41.195383,-96.560061,22278,cenpop2020
31157,41.865094,-103.680393,36084,cenpop2020
31159,40.875087,-97.102308,17609,cenpop2020
31161,42.704794,-102.404074,5127,cenpop2020
31163,41.228647,-98.968633,2959,cenpop2020
31165,42.408762,-103.833171,1135,cenpop2020
31167,41.985101,-97.255038,5842,cenpop2020
31169,40.178256,-97.628078,5034,cenpop2020
31171,41.967138,-100.565595,669,cenpop2020
31173,42.161934,-96.522459,6773,cenpop2020
31175,41.573672,-98.948914,4059,cenpop2020
31177,41.504682,-96.156611,20865,cenpop2020
31179,42.223628,-97.056303,9697,cenpop2020
31181,40.195862,-98.486606,3395,cenpop2020
31183,41.885209,-98.545473,774,cenpop2020
31185,40.863485,-97.605023,14125,cenpop2020
32001,39.474469,-118.796052,25516,cenpop2020
32003,36.141141,-115.152976,2265461,cenpop2020
32005,38.957468,-119.756218,49488,cenpop2020
32007,40.856303,-115.534273,53702,cenpop2020
32009,37.704407,-117.670635,729,cenpop2020
32011,39.946993,-116.209128,1855,cenpop2020
32013,41.017558,-117.744296,17285,cenpop2020
32015,40.49846,-116.949528,5734,cenpop2020
32017,37.710093,-114.626444,4499,cenpop2020
32019,39.355756,-119.327152,59235,cenpop2020
32021,38.601613,-118.643399,4554,cenpop2020
32023,36.414296,-116.12566700000001,51591,cenpop2020
32027,40.334654,-118.294224,6650,cenpop2020
32029,39.389828,-119.622432,4104,cenpop2020
32031,39.534488,-119.793527,486492,cenpop2020
32033,39.278317,-114.875458,9080,cenpop2020
32510,39.166096,-119.75408,58639,cenpop2020
33001,43.518179,-71.439516,63705,cenpop2020
33003,43.810093,-71.170079,50107,cenpop2020
33005,42.897949,-72.260597,76458,cenpop2020
33007,44.544534,-71.3636,31268,cenpop2020
33009,43.83744,-71.957176,91118,cenpop2020
33011,42.879412,-71.531546,422937,cenpop2020
33013,43.244048,-71.586768,153808,cenpop2020
33015,42.937487,-71.105861,314176,cenpop2020
33017,43.246137,-70.954351,130889,cenpop2020
33019,43.370229,-72.256473,43063,cenpop2020
34001,39.428157,-74.584723,274534,cenpop2020
34003,40.916918,-74.056816,955732,cenpop2020
34005,39.983738,-74.836626999999993,461860,cenpop2020
34007,39.863128,-75.026364,523485,cenpop2020
34009,39.096879,-74.806953,95263,cenpop2020
34011,39.431713,-75.0896,154152,cenpop2020
34013,40.767919,-74.216055,863728,cenpop2020
34015,39.748752,-75.130305,302294,cenpop2020
34017,40.741644,-74.061448,724854,cenpop2020
34019,40.572604,-74.895969,128947,cenpop2020
34021,40.255387,-74.69945,387340,cenpop2020
34023,40.484409,-74.388583,863162,cenpop2020
34025,40.29118,-74.14859,643615,cenpop2020
34027,40.859148,-74.50031,509285,cenpop2020
34029,39.978586,-74.215904,637229,cenpop2020
34031,40.923998,-74.189868,524118,cenpop2020
34033,39.627242,-75.378171,64837,cenpop2020
34035,40.559937,-74.578391,345361,cenpop2020
34037,41.090477,-74.655456,144221,cenpop2020
34039,40.659355,-74.293688,575345,cenpop2020
34041,40.794655,-75.014893,109632,cenpop2020
35001,35.109462,-106.617779,676444,cenpop2020
35003,33.958709,-108.531494,3579,cenpop2020
35005,33.365668,-104.514733,65157,cenpop2020
35006,35.107009,-107.818849,27172,cenpop2020
35007,36.698075,-104.656615,12387,cenpop2020
35009,34.421082,-103.213229,48430,cenpop2020
35011,34.460693,-104.247994,1698,cenpop2020
35013,32.24837,-106.728836,219561,cenpop2020
35015,32.538156,-104.288595,62314,cenpop2020
35017,32.781053,-108.24321,28185,cenpop2020
35019,34.932588,-104.764455,4452,cenpop2020
35021,35.853043,-103.978557,657,cenpop2020
35023,32.286524,-108.771223,4178,cenpop2020
35025,32.75172,-103.190527,74455,cenpop2020
35027,33.419573,-105.631108,20269,cenpop2020
35028,35.869176,-106.272314,19419,cenpop2020
35029,32.223031,-107.741875,25427,cenpop2020
35031,35.513228,-108.634281,72902,cenpop2020
35033,36.00418,-105.23707,4189,cenpop2020
35035,32.778517,-106.000317,67839,cenpop2020
35037,35.178327,-103.662364,8746,cenpop2020
35039,36.203984,-106.205155,40363,cenpop2020
35041,34.168551,-103.347539,19191,cenpop2020
35043,35.319674,-106.649224,148834,cenpop2020
35045,36.723982,-108.220154,121661,cenpop2020
35047,35.576344,-105.307874,27201,cenpop2020
35049,35.632632,-106.004765,154823,cenpop2020
35051,33.106952,-107.281723,11576,cenpop2020
35053,34.154884,-106.960356,16595,cenpop2020
35055,36.435099,-105.60791,34489,cenpop2020
35057,34.870562,-106.1027,15045,cenpop2020
35059,36.468186,-103.265891,4079,cenpop2020
35061,34.755709,-106.722815,76205,cenpop2020
36001,42.680589,-73.811637,314848,cenpop2020
36003,42.228676,-78.020786,46456,cenpop2020
36005,40.849395,-73.882271,1472654,cenpop2020
36007,42.120758,-75.936264,198683,cenpop2020
36009,42.223696,-78.608393,77042,cenpop2020
36011,42.938915,-76.560652,76248,cenpop2020
36013,42.245031,-79.314802,127657,cenpop2020
36015,42.120553,-76.813813,84148,cenpop2020
36017,42.480979,-75.568857,47220,cenpop2020
36019,44.72994,-73.542837,79843,cenpop2020
36021,42.274439,-73.680411,61570,cenpop2020
36023,42.595471,-76.146202,46809,cenpop2020
36025,42.248721,-74.996335,44308,cenpop2020
36027,41.678068,-73.84154,295911,cenpop2020
36029,42.891147,-78.792727,954236,cenpop2020
36031,44.168428,-73.676357,37381,cenpop2020
36033,44.717734,-74.351416,47555,cenpop2020
36035,43.058597,-74.329857,53324,cenpop2020
36037,42.998899,-78.171041,58388,cenpop2020
36039,42.298257,-73.978824,47931,cenpop2020
36041,43.612735,-74.385492,5107,cenpop2020
36043,43.071299,-74.994925,60139,cenpop2020
36045,44.019862,-75.89504,116721,cenpop2020
36047,40.651666,-73.954985,2736074,cenpop2020
36049,43.788692,-75.449227,26582,cenpop2020
36051,42.769037,-77.762787,61834,cenpop2020
36053,42.98686,-75.719961,68016,cenpop2020
36055,43.160725,-77.618985,759443,cenpop2020
36057,42.93271,-74.344144,49532,cenpop2020
36059,40.716432,-73.603664,1395774,cenpop2020
36061,40.776422,-73.967437,1694251,cenpop2020
36063,43.134406,-78.851139,212666,cenpop2020
36065,43.146277,-75.355941,232125,cenpop2020
36067,43.067977,-76.167376,476516,cenpop2020
36069,42.902312,-77.266946,112458,cenpop2020
36071,41.41957,-74.239375,401310,cenpop2020
36073,43.249285,-78.224364,40343,cenpop2020
36075,43.392222,-76.31179,117525,cenpop2020
36077,42.564145,-75.060236,58524,cenpop2020
36079,41.410932,-73.718558,97668,cenpop2020
36081,40.721204,-73.834008,2405464,cenpop2020
36083,42.699563,-73.631993,161130,cenpop2020
36085,40.589259,-74.136701,495747,cenpop2020
36087,41.127445,-74.02214,338329,cenpop2020
36089,44.652827,-75.147873,108505,cenpop2020
36091,43.007918,-73.784353,235509,cenpop2020
36093,42.809147,-73.945253,158061,cenpop2020
36095,42.64398,-74.435708,29714,cenpop2020
36097,42.389251,-76.869139,17898,cenpop2020
36099,42.82851,-76.827711,33814,cenpop2020
36101,42.264824,-77.31968,93584,cenpop2020
36103,40.823365,-73.103278,1525920,cenpop2020
36105,41.698542,-74.698587,78624,cenpop2020
36107,42.121424,-76.298893,48455,cenpop2020
36109,42.459082,-76.478989,105740,cenpop2020
36111,41.841749,-74.098362,181851,cenpop2020
36113,43.392942,-73.711242,65737,cenpop2020
36115,43.289043,-73.460751,61302,cenpop2020
36117,43.143635,-77.130245,91283,cenpop2020
36119,41.038581,-73.80547,1004457,cenpop2020
36121,42.722711,-78.209554,40531,cenpop2020
36123,42.634707,-77.078135,24774,cenpop2020
37001,36.071544,-79.413154,171415,cenpop2020
37003,35.889332,-81.193451,36444,cenpop2020
37005,36.497597,-81.10603,10888,cenpop2020
37007,34.974145,-80.110797,22055,cenpop2020
37009,36.41363,-81.487979,26577,cenpop2020
37011,36.07601,-81.939525,17806,cenpop2020
37013,35.521622,-76.961773,44652,cenpop2020
37015,36.081687,-76.962721,17934,cenpop2020
37017,34.60917,-78.643311,29606,cenpop2020
37019,34.041766,-78.216619,136693,cenpop2020
37021,35.585308,-82.551811,269452,cenpop2020
37023,35.73127,-81.641243,87570,cenpop2020
37025,35.395655,-80.621106,225804,cenpop2020
37027,35.873003,-81.502542,80652,cenpop2020
37029,36.369324,-76.197747,10355,cenpop2020
37031,34.744126,-76.818665,67686,cenpop2020
37033,36.399939,-79.361345,22736,cenpop2020
37035,35.695474,-81.245331,160610,cenpop2020
37037,35.756012,-79.208387,76285,cenpop2020
37039,35.101433,-84.022596,28774,cenpop2020
37041,36.117035,-76.626616,13708,cenpop2020
37043,35.036306,-83.805739,11089,cenpop2020
37045,35.291366,-81.515786,99519,cenpop2020
37047,34.280555,-78.706901,50623,cenpop2020
37049,35.069158,-77.04141,100720,cenpop2020
37051,35.054571,-78.937283,334728,cenpop2020
37053,36.403222,-76.016801,28100,cenpop2020
37055,35.920369,-75.676005,36915,cenpop2020
37057,35.857903,-80.200515,168930,cenpop2020
37059,35.931411,-80.52037,42712,cenpop2020
37061,34.92845,-77.940295,48715,cenpop2020
37063,35.986154,-78.901717,324833,cenpop2020
37065,35.902358,-77.656133,48900,cenpop2020
37067,36.104617,-80.258522,382590,cenpop2020
37069,36.044193,-78.354026,68573,cenpop2020
37071,35.273689,-81.150823,227943,cenpop2020
37073,36.464578,-76.706981,10478,cenpop2020
37075,35.332126,-83.787137,8030,cenpop2020
37077,36.216579,-78.649713,60992,cenpop2020
37079,35.466704,-77.665166,20451,cenpop2020
37081,36.066734,-79.847354,541299,cenpop2020
37083,36.36143,-77.67408,48622,cenpop2020
37085,35.354081,-78.867419,133568,cenpop2020
37087,35.518934,-82.943122,62089,cenpop2020
37089,35.341636,-82.471646,116281,cenpop2020
37091,36.352235,-77.011325,21552,cenpop2020
37093,34.992582,-79.170107,52082,cenpop2020
37095,35.430458,-76.205134,4589,cenpop2020
37097,35.694772,-80.866837,186693,cenpop2020
37099,35.332904,-83.199035,43109,cenpop2020
37101,35.570579,-78.419098,215999,cenpop2020
37103,35.030718,-77.354076,9172,cenpop2020
37105,35.453843,-79.173582,63285,cenpop2020
37107,35.260621,-77.633969,55122,cenpop2020
37109,35.485544,-81.162521,86810,cenpop2020
37111,35.667381,-82.019915,44578,cenpop2020
37113,35.156852,-83.377321,37014,cenpop2020
37115,35.839031,-82.636142,21193,cenpop2020
37117,35.830325,-77.097262,22031,cenpop2020
37119,35.225341,-80.819873,1115482,cenpop2020
37121,35.960065,-82.113979,14903,cenpop2020
37123,35.340612,-79.892912,25751,cenpop2020
37125,35.23777,-79.439212,99727,cenpop2020
37127,35.945971,-77.925858,94970,cenpop2020
37129,34.210212,-77.878389,225702,cenpop2020
37131,36.44074,-77.450044,17471,cenpop2020
37133,34.734255,-77.405266,204576,cenpop2020
37135,35.980115,-79.082329,148696,cenpop2020
37137,35.102112,-76.782234,12276,cenpop2020
37139,36.294076,-76.247331,40568,cenpop2020
37141,34.453784,-77.806662,60203,cenpop2020
37143,36.180608,-76.422879,13005,cenpop2020
37145,36.37201,-78.97044,39097,cenpop2020
37147,35.576487,-77.383372,170243,cenpop2020
37149,35.258428,-82.17688,19328,cenpop2020
37151,35.766153,-79.829145,144171,cenpop2020
37153,34.942668,-79.735374,42946,cenpop2020
37155,34.677173,-79.091794,116530,cenpop2020
37157,36.40032,-79.773426,91096,cenpop2020
37159,35.620923,-80.522841,146875,cenpop2020
37161,35.350767,-81.897864,64444,cenpop2020
37163,35.036714,-78.397561,59036,cenpop2020
37165,34.785743,-79.473966,34174,cenpop2020
37167,35.320568,-80.251909,62504,cenpop2020
37169,36.349476,-80.275236,44520,cenpop2020
37171,36.431129,-80.657197,71359,cenpop2020
37173,35.437811,-83.411997,14117,cenpop2020
37175,35.210116,-82.743077,32986,cenpop2020
37177,35.895302,-76.242529,3245,cenpop2020
37179,35.01249,-80.631967,238267,cenpop2020
37181,36.332774,-78.402975,42578,cenpop2020
37183,35.795346,-78.679962,1129410,cenpop2020
37185,36.4113,-78.134476,18642,cenpop2020
37187,35.863224,-76.651708,11003,cenpop2020
37189,36.218213,-81.686035,54086,cenpop2020
37191,35.372889,-77.986675,117333,cenpop2020
37193,36.191877,-81.133714,65969,cenpop2020
37195,35.727699,-77.93379,78784,cenpop2020
37197,36.164018,-80.673979,37214,cenpop2020
37199,35.910934,-82.294631,18470,cenpop2020
38001,46.035876,-102.621818,2200,cenpop2020
38003,46.926891,-98.030382,10853,cenpop2020
38005,48.022233,-99.148961,5964,cenpop2020
38007,47.00341,-103.306329,945,cenpop2020
38009,48.818996,-100.635057,6379,cenpop2020
38011,46.17101,-103.389737,2993,cenpop2020
38013,48.760535,-102.539257,2201,cenpop2020
38015,46.823125,-100.761269,98458,cenpop2020
38017,46.853248,-96.866085,184525,cenpop2020
38019,48.756287,-98.408736,3704,cenpop2020
38021,46.090319,-98.316828,4999,cenpop2020
38023,48.873168,-103.340573,2195,cenpop2020
38025,47.337232,-102.63818499999999,4095,cenpop2020
38027,47.705809,-99.056923,2347,cenpop2020
38029,46.26697,-100.221494,3301,cenpop2020
38031,47.460553,-99.032312,3397,cenpop2020
38033,46.891037,-103.959283,1736,cenpop2020
38035,47.904107,-97.114067,73170,cenpop2020
38037,46.39358,-101.709905,2301,cenpop2020
38039,47.45152,-98.184378,2306,cenpop2020
38041,46.452752,-102.563748,2489,cenpop2020
38043,46.913782,-99.803211,2394,cenpop2020
38045,46.405038,-98.531088,4093,cenpop2020
38047,46.497157,-99.553732,1876,cenpop2020
38049,48.179669,-100.700743,5345,cenpop2020
38051,46.146072,-99.492968,2530,cenpop2020
38053,47.815379,-103.249949,14704,cenpop2020
38055,47.524037,-101.227016,9771,cenpop2020
38057,47.300979,-101.712049,8350,cenpop2020
38059,46.82084,-100.987436,33291,cenpop2020
38061,48.134813,-102.385064,9809,cenpop2020
38063,47.914125,-98.211495,3015,cenpop2020
38065,47.120347,-101.30705,1877,cenpop2020
38067,48.786353,-97.583136,6844,cenpop2020
38069,48.327982,-99.985438,3990,cenpop2020
38071,48.129972,-98.834617,11605,cenpop2020
38073,46.473332,-97.654107,5703,cenpop2020
38075,48.71223,-101.513019,2282,cenpop2020
38077,46.265439,-96.76508,16529,cenpop2020
38079,48.837585,-99.815657,12187,cenpop2020
38081,46.166223,-97.587859,3862,cenpop2020
38083,47.581765,-100.333635,1265,cenpop2020
38085,46.166774,-100.727458,3898,cenpop2020
38087,46.418394,-103.416249,706,cenpop2020
38089,46.883324,-102.784958,33646,cenpop2020
38091,47.459852,-97.75048,1798,cenpop2020
38093,46.917429,-98.73948,21593,cenpop2020
38095,48.575593,-99.232995,2162,cenpop2020
38097,47.489414,-97.221419,7997,cenpop2020
38099,48.392384,-97.55615,10563,cenpop2020
38101,48.251003,-101.324255,69919,cenpop2020
38103,47.673531,-99.776162,3982,cenpop2020
38105,48.198161,-103.581969,40950,cenpop2020
39001,38.851155,-83.519185,27477,cenpop2020
39003,40.757218,-84.123687,102206,cenpop2020
39005,40.854406,-82.284305,52447,cenpop2020
39007,41.792138,-80.769023,97574,cenpop2020
39009,39.342729,-82.09958,62431,cenpop2020
39011,40.543994,-84.27252,46422,cenpop2020
39013,40.042452,-80.892944,66497,cenpop2020
39015,38.952078,-83.892764,43676,cenpop2020
39017,39.41063,-84.498421,390357,cenpop2020
39019,40.608768,-81.114233,26721,cenpop2020
39021,40.121157,-83.756495,38714,cenpop2020
39023,39.927551,-83.83172,136001,cenpop2020
39025,39.104936,-84.213831,208601,cenpop2020
39027,39.411451,-83.84298,42018,cenpop2020
39029,40.780285,-80.730613,101877,cenpop2020
39031,40.291486,-81.863132,36612,cenpop2020
39033,40.796314,-82.873456,42025,cenpop2020
39035,41.448408,-81.677451,1264817,cenpop2020
39037,40.116114,-84.606299,51881,cenpop2020
39039,41.29476,-84.448702,38286,cenpop2020
39041,40.213434,-83.012316,214124,cenpop2020
39043,41.40534,-82.62729,75622,cenpop2020
39045,39.799356,-82.672891,158921,cenpop2020
39047,39.548507,-83.443856,28951,cenpop2020
39049,40.001224,-82.992171,1323807,cenpop2020
39051,41.57813,-84.095238,42713,cenpop2020
39053,38.83179,-82.275222,29220,cenpop2020
39055,41.487507,-81.223418,95397,cenpop2020
39057,39.725798,-83.997172,167966,cenpop2020
39059,40.017747,-81.541964,38438,cenpop2020
39061,39.181054,-84.509096,830639,cenpop2020
39063,41.038819,-83.642078,74920,cenpop2020
39065,40.687272,-83.673001,30696,cenpop2020
39067,40.308308,-81.052878,14483,cenpop2020
39069,41.360177,-84.078123,27662,cenpop2020
39071,39.21912,-83.582063,43317,cenpop2020
39073,39.524899,-82.449693,28050,cenpop2020
39075,40.568212,-81.869548,44223,cenpop2020
39077,41.176384,-82.613754,58565,cenpop2020
39079,39.035842,-82.610925,32653,cenpop2020
39081,40.365484,-80.692361,65249,cenpop2020
39083,40.400283,-82.454323,62721,cenpop2020
39085,41.685007,-81.319872,232603,cenpop2020
39087,38.50139,-82.538753,58240,cenpop2020
39089,40.051058,-82.52159,178519,cenpop2020
39091,40.382633,-83.776776,46150,cenpop2020
39093,41.391668,-82.110224,312964,cenpop2020
39095,41.651951,-83.620346,431279,cenpop2020
39097,39.923532,-83.378429,43824,cenpop2020
39099,41.048246,-80.697024,228614,cenpop2020
39101,40.582108,-83.127065,65359,cenpop2020
39103,41.14417,-81.837739,182470,cenpop2020
39105,39.061474,-82.011139,22210,cenpop2020
39107,40.515597,-84.606448,42528,cenpop2020
39109,40.039896,-84.229494,108774,cenpop2020
39111,39.743928,-81.066658,13385,cenpop2020
39113,39.744183,-84.206384,537309,cenpop2020
39115,39.615975,-81.865949,13802,cenpop2020
39117,40.51851,-82.793839,34950,cenpop2020
39119,39.963489,-81.996844,86410,cenpop2020
39121,39.77294,-81.487122,14115,cenpop2020
39123,41.532537,-83.080376,40364,cenpop2020
39125,41.132652,-84.588497,18806,cenpop2020
39127,39.758487,-82.237977,35408,cenpop2020
39129,39.671077,-82.992679,58539,cenpop2020
39131,39.084195,-83.036586,27088,cenpop2020
39133,41.18075,-81.276935,161791,cenpop2020
39135,39.743238,-84.625367,40999,cenpop2020
39137,41.008256,-84.115516,34451,cenpop2020
39139,40.761551,-82.54039,124936,cenpop2020
39141,39.341679,-83.023023,77093,cenpop2020
39143,41.340365,-83.100451,58896,cenpop2020
39145,38.780894,-82.944686,74008,cenpop2020
39147,41.127755,-83.202108,55069,cenpop2020
39149,40.319534,-84.194302,48230,cenpop2020
39151,40.837592,-81.38898,374853,cenpop2020
39153,41.11615,-81.511871,540428,cenpop2020
39155,41.240483,-80.759943,201977,cenpop2020
39157,40.481355,-81.467009,93263,cenpop2020
39159,40.241874,-83.334873,62784,cenpop2020
39161,40.856227,-84.565846,28931,cenpop2020
39163,39.241186,-82.504249,12800,cenpop2020
39165,39.423255,-84.24395,242337,cenpop2020
39167,39.409803,-81.517688,59771,cenpop2020
39169,40.836466,-81.864476,116894,cenpop2020
39171,41.532546,-84.57175,37102,cenpop2020
39173,41.453257,-83.602769,132248,cenpop2020
39175,40.865997,-83.299297,21900,cenpop2020
40001,35.887468,-94.635683,19495,cenpop2020
40003,36.658546,-98.317631,5699,cenpop2020
40005,34.329959,-96.097526,14143,cenpop2020
40007,36.829383,-100.638158,5049,cenpop2020
40009,35.361158,-99.511022,22410,cenpop2020
40011,35.885203,-98.428177,8735,cenpop2020
40013,33.980731,-96.386125,46067,cenpop2020
40015,35.175959,-98.339383,26945,cenpop2020
40017,35.493359,-97.766177,154405,cenpop2020
40019,34.189514,-97.19745,48003,cenpop2020
40021,35.902314,-94.995607,47078,cenpop2020
40023,34.019064,-95.528308,14204,cenpop2020
40025,36.734437,-102.496037,2296,cenpop2020
40027,35.269308,-97.450434,295528,cenpop2020
40029,34.548037,-96.278199,5266,cenpop2020
40031,34.633044,-98.419449,121125,cenpop2020
40033,34.31257,-98.331491,5527,cenpop2020
40035,36.679216,-95.154588,14107,cenpop2020
40037,35.9754,-96.226043,71754,cenpop2020
40039,35.547694,-98.828737,28513,cenpop2020
40041,36.468532,-94.793251,40397,cenpop2020
40043,36.057055,-99.074156,4484,cenpop2020
40045,36.262513,-99.786963,3749,cenpop2020
40047,36.398481,-97.885455,62846,cenpop2020
40049,34.737491,-97.28949,25656,cenpop2020
40051,35.112409,-97.850428,54795,cenpop2020
40053,36.761056,-97.779663,4169,cenpop2020
40055,34.912036,-99.464241,5491,cenpop2020
40057,34.694548,-99.897391,2488,cenpop2020
40059,36.768589,-99.761804,3272,cenpop2020
40061,35.239002,-95.124795,11561,cenpop2020
40063,35.079245,-96.326231,13367,cenpop2020
40065,34.657239,-99.331416,24785,cenpop2020
40067,34.132097,-97.871654,5337,cenpop2020
40069,34.262325,-96.650068,10272,cenpop2020
40071,36.744254,-97.125201,43700,cenpop2020
40073,35.913869,-97.91096,15184,cenpop2020
40075,34.936853,-99.017988,8509,cenpop2020
40077,34.88202,-95.255214,9444,cenpop2020
40079,35.065249,-94.639064,48129,cenpop2020
40081,35.656322,-96.882274,33458,cenpop2020
40083,35.822271,-97.442909,49555,cenpop2020
40085,33.922696,-97.170128,10146,cenpop2020
40087,35.106328,-97.527577,41662,cenpop2020
40089,33.999674,-94.814678,30814,cenpop2020
40091,35.385902,-95.581367,18941,cenpop2020
40093,36.298864,-98.432369,7782,cenpop2020
40095,34.01809,-96.749333,15312,cenpop2020
40097,36.292233,-95.243222,39046,cenpop2020
40099,34.507083,-97.027691,13904,cenpop2020
40101,35.71185,-95.366561,66339,cenpop2020
40103,36.324096,-97.233088,10924,cenpop2020
40105,36.774995,-95.635237,9320,cenpop2020
40107,35.451094,-96.337952,11310,cenpop2020
40109,35.52553,-97.512375,796292,cenpop2020
40111,35.617922,-95.969216,36706,cenpop2020
40113,36.415208,-96.228583,45818,cenpop2020
40115,36.857439,-94.834841,30285,cenpop2020
40117,36.270375,-96.539216,15553,cenpop2020
40119,36.0913,-97.007049,81646,cenpop2020
40121,34.956346,-95.721263,43773,cenpop2020
40123,34.774213,-96.67319,38065,cenpop2020
40125,35.321377,-96.952883,72454,cenpop2020
40127,34.327826,-95.482036,10812,cenpop2020
40129,35.628485,-99.659405,3442,cenpop2020
40131,36.31533,-95.650597,95240,cenpop2020
40133,35.186227,-96.631163,23556,cenpop2020
40135,35.466206,-94.729702,39281,cenpop2020
40137,34.518536,-97.946619,42848,cenpop2020
40139,36.712185,-101.448408,21384,cenpop2020
40141,34.382478,-98.971119,6968,cenpop2020
40143,36.1027,-95.91151,669279,cenpop2020
40145,36.015963,-95.627565,80981,cenpop2020
40147,36.728457,-95.937432,52455,cenpop2020
40149,35.314336,-99.05353,10924,cenpop2020
40151,36.767497,-98.708062,8624,cenpop2020
40153,36.423748,-99.383574,20470,cenpop2020
41001,44.780021,-117.762087,16668,cenpop2020
41003,44.573123,-123.275062,95184,cenpop2020
41005,45.363411,-122.575016,421401,cenpop2020
41007,46.098894,-123.841041,41072,cenpop2020
41009,45.889969,-122.929381,52589,cenpop2020
41011,43.305461,-124.232445,64929,cenpop2020
41013,44.283564,-120.843605,24738,cenpop2020
41015,42.251867,-124.327962,23446,cenpop2020
41017,44.090954,-121.306213,198253,cenpop2020
41019,43.239963,-123.388771,111201,cenpop2020
41021,45.449592,-120.197022,1995,cenpop2020
41023,44.451525,-119.003559,7233,cenpop2020
41025,43.521602,-118.986891,7495,cenpop2020
41027,45.658959,-121.565661,23977,cenpop2020
41029,42.347769,-122.858631,223259,cenpop2020
41031,44.591478,-121.190361,24502,cenpop2020
41033,42.404433,-123.38517,88090,cenpop2020
41035,42.285893,-121.726802,69413,cenpop2020
41037,42.478434,-120.476422,8160,cenpop2020
41039,44.039563,-123.119235,382971,cenpop2020
41041,44.713731,-124.002001,50395,cenpop2020
41043,44.556336,-122.959471,128610,cenpop2020
41045,43.975358,-117.06114,31571,cenpop2020
41047,44.960149,-122.955907,345920,cenpop2020
41049,45.739056,-119.617276,12186,cenpop2020
41051,45.517904,-122.591156,815428,cenpop2020
41053,44.920857,-123.20811,87433,cenpop2020
41055,45.518367,-120.72146,1870,cenpop2020
41057,45.469525,-123.858484,27390,cenpop2020
41059,45.801243,-118.967455,80075,cenpop2020
41061,45.341591,-118.018208,26196,cenpop2020
41063,45.443336,-117.305634,7391,cenpop2020
41065,45.541482,-121.204066,26670,cenpop2020
41067,45.486067,-122.87092,600372,cenpop2020
41069,44.837096,-120.088844,1451,cenpop2020
41071,45.239528,-123.136974,107722,cenpop2020
42001,39.851137,-77.157037,103852,cenpop2020
42003,40.447811,-79.971635,1250578,cenpop2020
42005,40.769635,-79.51099,65558,cenpop2020
42007,40.684267,-80.302021,168215,cenpop2020
42009,40.054295,-78.476925,47577,cenpop2020
42011,40.362681,-75.909878,428849,cenpop2020
42013,40.487156,-78.376585,122822,cenpop2020
42015,41.833895,-76.527899,59967,cenpop2020
42017,40.239408,-75.026366,646538,cenpop2020
42019,40.821598,-79.966512,193763,cenpop2020
42021,40.408084,-78.800185,133472,cenpop2020
42023,41.502354,-78.23879,4547,cenpop2020
42025,40.871955,-75.708895,64749,cenpop2020
42027,40.839811,-77.836167,158172,cenpop2020
42029,39.993381,-75.678116,534413,cenpop2020
42031,41.182373,-79.429465,37241,cenpop2020
42033,40.991528,-78.499291,80562,cenpop2020
42035,41.140123,-77.448809,37450,cenpop2020
42037,41.038653,-76.389553,64727,cenpop2020
42039,41.666386,-80.098406,83938,cenpop2020
42041,40.205907,-77.092609,259469,cenpop2020
42043,40.304616,-76.796486,286401,cenpop2020
42045,39.922639,-75.348866,576830,cenpop2020
42047,41.419129,-78.619743,30990,cenpop2020
42049,42.068563,-80.07268,270876,cenpop2020
42051,39.949204,-79.71596,128804,cenpop2020
42053,41.487078,-79.223165,6973,cenpop2020
42055,39.883461,-77.654852,155932,cenpop2020
42057,39.918305,-78.08615,14556,cenpop2020
42059,39.876907,-80.113513,35954,cenpop2020
42061,40.428603,-78.002926,44092,cenpop2020
42063,40.617473,-79.1305,83246,cenpop2020
42065,41.085869,-78.964273,44492,cenpop2020
42067,40.573028,-77.327685,23509,cenpop2020
42069,41.441461,-75.636396,215896,cenpop2020
42071,40.07391,-76.29248,552984,cenpop2020
42073,40.986789,-80.336455,86070,cenpop2020
42075,40.340342,-76.443132,143257,cenpop2020
42077,40.597849,-75.509406,374557,cenpop2020
42079,41.195284,-75.928422,325594,cenpop2020
42081,41.24927,-76.981292,114188,cenpop2020
42083,41.865244,-78.58325,40432,cenpop2020
42085,41.263855,-80.336703,110652,cenpop2020
42087,40.60427,-77.615882,46143,cenpop2020
42089,41.038639,-75.305852,168327,cenpop2020
42091,40.169483,-75.314499,856553,cenpop2020
42093,40.996765,-76.630209,18136,cenpop2020
42095,40.699145,-75.320858,312951,cenpop2020
42097,40.874558,-76.684501,91647,cenpop2020
42099,40.410783,-77.154446,45842,cenpop2020
42101,40.003523,-75.139476,1603797,cenpop2020
42103,41.302389,-74.983463,58535,cenpop2020
42105,41.823262,-77.935838,16396,cenpop2020
42107,40.712667,-76.195872,143049,cenpop2020
42109,40.787382,-76.980927,39736,cenpop2020
42111,40.029001,-79.012353,74129,cenpop2020
42113,41.469615,-76.492908,5840,cenpop2020
42115,41.823092,-75.76923,38434,cenpop2020
42117,41.814804,-77.211057,41045,cenpop2020
42119,40.970242,-76.959238,42681,cenpop2020
42121,41.404235,-79.765355,50454,cenpop2020
42123,41.853111,-79.233295,38587,cenpop2020
42125,40.20836,-80.146146,209349,cenpop2020
42127,41.539728,-75.307606,51155,cenpop2020
42129,40.340199,-79.594629,354663,cenpop2020
42131,41.538722,-75.938649,26069,cenpop2020
42133,39.941929,-76.75372,456438,cenpop2020
44001,41.712608,-71.284716,50793,cenpop2020
44003,41.698511,-71.488956,170363,cenpop2020
44005,41.548629,-71.266556,85643,cenpop2020
44007,41.857227,-71.449675,660741,cenpop2020
44009,41.467323,-71.590046,129839,cenpop2020
45001,34.241575,-82.422103,24295,cenpop2020
45003,33.535704,-81.774519,168808,cenpop2020
45005,32.997052,-81.291327,8039,cenpop2020
45007,34.564685,-82.61662,203718,cenpop2020
45009,33.267569,-81.072226,13311,cenpop2020
45011,33.294536,-81.356749,20589,cenpop2020
45013,32.317957,-80.786927,187117,cenpop2020
45015,33.059268,-80.035006,229861,cenpop2020
45017,33.677921,-80.822118,14119,cenpop2020
45019,32.825793,-79.978136,408235,cenpop2020
45021,35.080959,-81.648305,56216,cenpop2020
45023,34.704401,-81.118573,32294,cenpop2020
45025,34.681114,-80.149834,43273,cenpop2020
45027,33.686186,-80.207955,31144,cenpop2020
45029,32.90881,-80.646921,38604,cenpop2020
45031,34.326094,-79.985464,62905,cenpop2020
45033,34.39479,-79.361598,28292,cenpop2020
45035,32.995941,-80.212663,161540,cenpop2020
45037,33.713128,-81.923002,25657,cenpop2020
45039,34.361268,-81.069334,20948,cenpop2020
45041,34.106046,-79.764677,137059,cenpop2020
45043,33.457552,-79.250947,63404,cenpop2020
45045,34.844659,-82.331257,525534,cenpop2020
45047,34.205171,-82.147907,69351,cenpop2020
45049,32.801597,-81.116415,18561,cenpop2020
45051,33.780221,-78.937681,351029,cenpop2020
45053,32.407305,-81.002142,28791,cenpop2020
45055,34.257249,-80.650865,65403,cenpop2020
45057,34.804751,-80.771843,96016,cenpop2020
45059,34.509505,-82.032019,67539,cenpop2020
45061,34.183585,-80.266874,16531,cenpop2020
45063,33.962205,-81.218934,293991,cenpop2020
45065,33.879301,-82.297749,9526,cenpop2020
45067,34.166085,-79.340476,29183,cenpop2020
45069,34.637958,-79.671661,26667,cenpop2020
45071,34.264651,-81.573551,37719,cenpop2020
45073,34.707527,-83.002043,78607,cenpop2020
45075,33.47176,-80.798783,84223,cenpop2020
45077,34.805302,-82.689713,131404,cenpop2020
45079,34.067968,-80.988835,416147,cenpop2020
45081,33.99882,-81.702809,18862,cenpop2020
45083,34.963891,-82.007751,327997,cenpop2020
45085,33.929496,-80.389604,105556,cenpop2020
45087,34.733128,-81.627678,27244,cenpop2020
45089,33.651948,-79.733224,31026,cenpop2020
45091,34.998556,-81.051363,282090,cenpop2020
46003,43.693726,-98.529708,2747,cenpop2020
46005,44.367306,-98.2277,19149,cenpop2020
46007,43.210572,-101.785879,3381,cenpop2020
46009,42.966147,-97.859901,7003,cenpop2020
46011,44.31091,-96.785884,34375,cenpop2020
46013,45.475353,-98.451669,38301,cenpop2020
46015,43.762674,-99.191362,5247,cenpop2020
46017,44.059088,-99.371007,1948,cenpop2020
46019,44.669688,-103.766262,10243,cenpop2020
46021,45.801272,-100.100553,1377,cenpop2020
46023,43.175337,-98.527816,9373,cenpop2020
46025,44.825614,-97.709207,3837,cenpop2020
46027,42.808955,-96.936772,14967,cenpop2020
46029,44.91407,-97.129856,28325,cenpop2020
46031,45.758065,-100.912373,3902,cenpop2020
46033,43.740721,-103.514861,8318,cenpop2020
46035,43.706382,-98.040431,19956,cenpop2020
46037,45.369062,-97.519215,5449,cenpop2020
46039,44.738673,-96.660949,4295,cenpop2020
46041,45.116562,-101.110107,5239,cenpop2020
46043,43.377636,-98.369735,2835,cenpop2020
46045,45.453421,-99.148719,3986,cenpop2020
46047,43.387361,-103.513072,6973,cenpop2020
46049,45.061037,-99.099318,2125,cenpop2020
46051,45.206943,-96.658721,7556,cenpop2020
46053,43.183504,-99.27955,3994,cenpop2020
46055,44.133291,-101.572693,1872,cenpop2020
46057,44.646162,-97.148245,6164,cenpop2020
46059,44.525472,-98.991594,3145,cenpop2020
46061,43.656069,-97.771709,3461,cenpop2020
46063,45.605864,-103.520304,1311,cenpop2020
46065,44.38283,-100.305301,17765,cenpop2020
46067,43.336978,-97.745451,7427,cenpop2020
46069,44.519687,-99.455271,1262,cenpop2020
46071,43.649678,-101.665063,2806,cenpop2020
46073,44.09101,-98.537954,1663,cenpop2020
46075,43.89534,-100.695148,917,cenpop2020
46077,44.377105,-97.408777,5187,cenpop2020
46079,44.001466,-97.095038,11059,cenpop2020
46081,44.453405,-103.805876,25768,cenpop2020
46083,43.441142,-96.744487,65161,cenpop2020
46085,43.953669,-99.716961,3718,cenpop2020
46087,43.661486,-97.348311,5682,cenpop2020
46089,45.766155,-99.243067,2411,cenpop2020
46091,45.757886,-97.628902,4306,cenpop2020
46093,44.281372,-103.280064,29852,cenpop2020
46095,43.54937,-100.809211,1918,cenpop2020
46097,44.01131,-97.551535,2298,cenpop2020
46099,43.558266,-96.731507,197214,cenpop2020
46101,44.018445,-96.663373000000007,6336,cenpop2020
46102,43.183372,-102.47964,13672,cenpop2020
46103,44.064853,-103.210935,109222,cenpop2020
46105,45.70961,-102.331006,2835,cenpop2020
46107,45.070399,-99.951949,2472,cenpop2020
46109,45.611156,-96.959096,10280,cenpop2020
46111,44.005619,-98.14513,2330,cenpop2020
46115,44.904738,-98.412881,6361,cenpop2020
46117,44.372239,-100.448102,2980,cenpop2020
46119,44.703108,-100.135851,1446,cenpop2020
46121,43.24927,-100.780183,9319,cenpop2020
46123,43.350237,-99.846955,5624,cenpop2020
46125,43.304408,-97.112768,8673,cenpop2020
46127,42.681007,-96.592222,16811,cenpop2020
46129,45.518483,-100.311806,5315,cenpop2020
46135,42.90126,-97.396931,23310,cenpop2020
46137,44.929817,-101.530161,2413,cenpop2020
47001,36.081238,-84.178765,77123,cenpop2020
47003,35.512233,-86.465018,50237,cenpop2020
47005,36.070898,-88.090044,15864,cenpop2020
47007,35.621511,-85.200314,14913,cenpop2020
47009,35.753197,-83.973461,135280,cenpop2020
47011,35.167425,-84.859688,108620,cenpop2020
47013,36.381486,-84.125957,39272,cenpop2020
47015,35.799353,-86.063976,14506,cenpop2020
47017,36.018877,-88.464218,28440,cenpop2020
47019,36.31899,-82.203404,56356,cenpop2020
47021,36.272282,-87.063519,41072,cenpop2020
47023,35.438266,-88.62251,17341,cenpop2020
47025,36.4887,-83.639849,32043,cenpop2020
47027,36.552828,-85.562901,7581,cenpop2020
47029,35.947274,-83.174047,35999,cenpop2020
47031,35.454229,-86.124582,57889,cenpop2020
47033,35.787543,-89.120017,13911,cenpop2020
47035,35.955637,-85.017779,61145,cenpop2020
47037,36.137771,-86.744752,715884,cenpop2020
47039,35.606176,-88.123327,11435,cenpop2020
47041,35.967047,-85.836916,20080,cenpop2020
47043,36.104233,-87.343938,54315,cenpop2020
47045,36.059417,-89.358361,36801,cenpop2020
47047,35.201116,-89.479763,41990,cenpop2020
47049,36.363232000000004,-84.936669,18489,cenpop2020
47051,35.208173,-86.116159,42774,cenpop2020
47053,35.932264,-88.870969,50429,cenpop2020
47055,35.192203,-87.030448,30346,cenpop2020
47057,36.266188,-83.48663,23527,cenpop2020
47059,36.17748,-82.832594,70152,cenpop2020
47061,35.343196,-85.722272,13529,cenpop2020
47063,36.215549,-83.297502,64499,cenpop2020
47065,35.093764,-85.201806,366207,cenpop2020
47067,36.517225,-83.231102,6662,cenpop2020
47069,35.222929,-89.018519,25462,cenpop2020
47071,35.198544,-88.225953,26831,cenpop2020
47073,36.463,-82.874023,56721,cenpop2020
47075,35.586198,-89.267733,17864,cenpop2020
47077,35.647965,-88.402891,27842,cenpop2020
47079,36.319829,-88.291369,32199,cenpop2020
47081,35.85471,-87.405499,24925,cenpop2020
47083,36.304161,-87.704274,8283,cenpop2020
47085,36.071211,-87.77509,18990,cenpop2020
47087,36.327984,-85.629403,11617,cenpop2020
47089,36.064823,-83.453077,54683,cenpop2020
47091,36.450066,-81.844689,17948,cenpop2020
47093,35.971886,-83.991621,478971,cenpop2020
47095,36.356402,-89.467221,7005,cenpop2020
47097,35.765131,-89.537383,25143,cenpop2020
47099,35.237607,-87.353601,44159,cenpop2020
47101,35.533225,-87.521716,12582,cenpop2020
47103,35.105199,-86.57174,35319,cenpop2020
47105,35.760641,-84.284282,54886,cenpop2020
47107,35.426045,-84.598722,53276,cenpop2020
47109,35.176963,-88.537496,25866,cenpop2020
47111,36.535265,-86.025628,25216,cenpop2020
47113,35.653504,-88.824487,98823,cenpop2020
47115,35.10952,-85.608797,28837,cenpop2020
47117,35.496732,-86.770825,34318,cenpop2020
47119,35.635591,-87.029196,100974,cenpop2020
47121,35.502098,-84.816211,12758,cenpop2020
47123,35.518372,-84.354235,46250,cenpop2020
47125,36.557126,-87.345978,220069,cenpop2020
47127,35.296438,-86.340442,6461,cenpop2020
47129,36.098366,-84.593205,21035,cenpop2020
47131,36.397163,-89.07991,30787,cenpop2020
47133,36.344912,-85.324939,22511,cenpop2020
47135,35.653842,-87.859297,8366,cenpop2020
47137,36.565622,-85.141318,5001,cenpop2020
47139,35.125195,-84.568406,17544,cenpop2020
47141,36.163157,-85.503795,79854,cenpop2020
47143,35.556758,-84.954393,32870,cenpop2020
47145,35.881148,-84.52216,53404,cenpop2020
47147,36.48456,-86.830273,72803,cenpop2020
47149,35.888267,-86.450266,341486,cenpop2020
47151,36.45447,-84.508258,21850,cenpop2020
47153,35.355415,-85.391417,15826,cenpop2020
47155,35.864247,-83.58249,98380,cenpop2020
47157,35.131029,-89.886356,929744,cenpop2020
47159,36.241313,-85.968175,19904,cenpop2020
47161,36.493716,-87.800108,13657,cenpop2020
47163,36.529913,-82.397127,158163,cenpop2020
47165,36.396228,-86.536038,196281,cenpop2020
47167,35.47587,-89.750299,60970,cenpop2020
47169,36.386235,-86.153351,11615,cenpop2020
47171,36.151274,-82.394706,17928,cenpop2020
47173,36.245311,-83.815954,19802,cenpop2020
47175,35.711516,-85.454611,6168,cenpop2020
47177,35.695188,-85.794787,40953,cenpop2020
47179,36.325615,-82.433815,133001,cenpop2020
47181,35.258132,-87.790328,16232,cenpop2020
47183,36.292493,-88.773817,32902,cenpop2020
47185,35.941573,-85.488902,27351,cenpop2020
47187,35.912269,-86.846241,247726,cenpop2020
47189,36.200347,-86.409498,147737,cenpop2020
48001,31.775312,-95.683934,57922,cenpop2020
48003,32.321401,-102.539607,18610,cenpop2020
48005,31.313526,-94.716132,86395,cenpop2020
48007,28.030687,-97.072506,23830,cenpop2020
48009,33.712813,-98.607348,8560,cenpop2020
48011,35.092208,-101.392108,1848,cenpop2020
48013,29.041628,-98.578427,48981,cenpop2020
48015,29.850973,-96.219899,30167,cenpop2020
48017,34.218733,-102.744103,6904,cenpop2020
48019,29.703518,-99.031596,20851,cenpop2020
48021,30.142585,-97.366668,97216,cenpop2020
48023,33.591163,-99.264553,3465,cenpop2020
48025,28.395559,-97.733787,31047,cenpop2020
48027,31.08149,-97.591674,370647,cenpop2020
48029,29.484685,-98.532945,2009324,cenpop2020
48031,30.177148,-98.392080000000007,11374,cenpop2020
48033,32.757641,-101.436493,631,cenpop2020
48035,31.862115,-97.570902,18235,cenpop2020
48037,33.436613,-94.20082,92893,cenpop2020
48039,29.355331,-95.385044,372031,cenpop2020
48041,30.624157,-96.328757,233849,cenpop2020
48043,30.222448,-103.620129,9546,cenpop2020
48045,34.443465,-101.234309,1435,cenpop2020
48047,27.208714,-98.144842,7076,cenpop2020
48049,31.731619,-98.989268,38095,cenpop2020
48051,30.475618,-96.644593,17642,cenpop2020
48053,30.672177,-98.241706,49130,cenpop2020
48055,29.865312,-97.674628,45883,cenpop2020
48057,28.589157,-96.625881,20106,cenpop2020
48059,32.351779,-99.452875,13708,cenpop2020
48061,26.047418,-97.561196,421017,cenpop2020
48063,32.990171,-94.985027,12464,cenpop2020
48065,35.382121,-101.328264,5807,cenpop2020
48067,33.080612,-94.297274,28454,cenpop2020
48069,34.525081,-102.272214,7371,cenpop2020
48071,29.805419,-94.768972,46571,cenpop2020
48073,31.913488,-95.216202,50412,cenpop2020
48075,34.428092,-100.223958,6664,cenpop2020
48077,33.825391,-98.244798,10218,cenpop2020
48079,33.689389,-102.741038,2547,cenpop2020
48081,31.904116,-100.416634,3285,cenpop2020
48083,31.808131,-99.425034,7684,cenpop2020
48085,33.112899,-96.690642,1064465,cenpop2020
48087,34.861822,-100.221748,2652,cenpop2020
48089,29.664806,-96.538931,20557,cenpop2020
48091,29.764473,-98.22166,161501,cenpop2020
48093,31.972232,-98.559029,13594,cenpop2020
48095,31.291192,-99.857069,3303,cenpop2020
48097,33.607384,-97.13379,41668,cenpop2020
48099,31.236375,-97.83252,83093,cenpop2020
48101,34.02779,-100.30428,1380,cenpop2020
48103,31.402296,-102.352663,4675,cenpop2020
48105,30.704747,-101.216615,3098,cenpop2020
48107,33.660414,-101.357576,5133,cenpop2020
48109,31.064217,-104.819502,2188,cenpop2020
48111,36.104995,-102.568672,7115,cenpop2020
48113,32.809819,-96.787649,2613539,cenpop2020
48115,32.734655,-101.949301,12456,cenpop2020
48117,34.835619,-102.402802,18583,cenpop2020
48119,33.374802,-95.70459,5230,cenpop2020
48121,33.116408,-97.014655,906422,cenpop2020
48123,29.099569,-97.31152,19824,cenpop2020
48125,33.5467,-100.855931,1770,cenpop2020
48127,28.520685,-99.826991,8615,cenpop2020
48129,34.943929,-100.862317,3258,cenpop2020
48131,27.742533,-98.391035,9831,cenpop2020
48133,32.357306,-98.845399,17725,cenpop2020
48135,31.866684,-102.389586,165171,cenpop2020
48137,29.985934,-100.202797,1422,cenpop2020
48139,32.429032,-96.828008,192455,cenpop2020
48141,31.783025,-106.365548,865657,cenpop2020
48143,32.21206,-98.225168,42545,cenpop2020
48145,31.260935,-96.951052,16968,cenpop2020
48147,33.556926,-96.181312,35662,cenpop2020
48149,29.856137,-96.901177,24435,cenpop2020
48151,32.770889,-100.413975,3672,cenpop2020
48153,34.039808,-101.374427,5402,cenpop2020
48155,33.99161,-99.705226,1095,cenpop2020
48157,29.620209,-95.681282,822779,cenpop2020
48159,33.122067,-95.223923,10359,cenpop2020
48161,31.700054,-96.20929,19435,cenpop2020
48163,28.839468,-99.108503,18385,cenpop2020
48165,32.751995,-102.658045,21598,cenpop2020
48167,29.428137,-95.019324,350682,cenpop2020
48169,33.197542,-101.380565,5816,cenpop2020
48171,30.273641,-98.908076,26725,cenpop2020
48173,31.8426,-101.525278,1116,cenpop2020
48175,28.710579,-97.362276,7012,cenpop2020
48177,29.477178,-97.504312,19653,cenpop2020
48179,35.530415,-100.939889,21227,cenpop2020
48181,33.644861,-96.626605,135543,cenpop2020
48183,32.49989,-94.790846,124239,cenpop2020
48185,30.439295,-96.007289,29268,cenpop2020
48187,29.601993,-98.107377,172706,cenpop2020
48189,34.143518,-101.742413,32522,cenpop2020
48191,34.664744,-100.592641,2825,cenpop2020
48193,31.763001,-98.095686,8222,cenpop2020
48195,36.213672,-101.271246,5285,cenpop2020
48197,34.285182,-99.701429,3549,cenpop2020
48199,30.29938,-94.25717,56231,cenpop2020
48201,29.816889,-95.425716,4731145,cenpop2020
48203,32.534326,-94.427274,68839,cenpop2020
48205,35.994603,-102.50231,5382,cenpop2020
48207,33.177505,-99.764733,5416,cenpop2020
48209,30.009405,-97.925385,241067,cenpop2020
48211,35.893039,-100.360755,3382,cenpop2020
48213,32.241331,-95.889359,82150,cenpop2020
48215,26.235916,-98.184508,870781,cenpop2020
48217,31.998194,-97.17713,35874,cenpop2020
48219,33.583536,-102.333262,21537,cenpop2020
48221,32.434349,-97.76226,61598,cenpop2020
48223,33.124495,-95.589265,36787,cenpop2020
48225,31.297879,-95.466359,22066,cenpop2020
48227,32.241408,-101.463071,34860,cenpop2020
48229,31.368286,-105.546009,3202,cenpop2020
48231,33.082058,-96.104497,99956,cenpop2020
48233,35.679194,-101.44712,20617,cenpop2020
48235,31.270407,-100.834684,1513,cenpop2020
48237,33.200241,-98.168766,8472,cenpop2020
48239,28.959201,-96.594369,14988,cenpop2020
48241,30.731569,-93.993279,32980,cenpop2020
48243,30.608875,-103.99692,1996,cenpop2020
48245,30.01146,-94.067627,256526,cenpop2020
48247,27.303139,-98.685247,4838,cenpop2020
48249,27.755632,-98.062817,38891,cenpop2020
48251,32.441328,-97.322751,179927,cenpop2020
48253,32.706551,-99.80506,19663,cenpop2020
48255,28.85811,-97.870329,14710,cenpop2020
48257,32.671244,-96.358092,145310,cenpop2020
48259,29.831401,-98.717572,44279,cenpop2020
48261,27.104123,-97.788911,350,cenpop2020
48263,33.25047,-100.625144,753,cenpop2020
48265,30.040273,-99.159357,52598,cenpop2020
48267,30.486259,-99.727741,4286,cenpop2020
48269,33.644368,-100.29575,265,cenpop2020
48271,29.303419,-100.41821,3129,cenpop2020
48273,27.491433,-97.856967,31040,cenpop2020
48275,33.459835,-99.703999,3353,cenpop2020
48277,33.675491,-95.534041,50088,cenpop2020
48279,34.028312,-102.324682,13045,cenpop2020
48281,31.095229,-98.1132,21627,cenpop2020
48283,28.353424,-99.246365,6664,cenpop2020
48285,29.407088,-97.04381,20337,cenpop2020
48287,30.274826,-96.971427,17478,cenpop2020
48289,31.291285,-96.04831,15719,cenpop2020
48291,30.159245,-94.925523,91628,cenpop2020
48293,31.59043,-96.519096,22146,cenpop2020
48295,36.386639,-100.363063,3059,cenpop2020
48297,28.336604,-98.108137,11335,cenpop2020
48299,30.680229,-98.508665,21243,cenpop2020
48301,31.777896,-103.608978,64,cenpop2020
48303,33.552551,-101.894337,310639,cenpop2020
48305,33.199122,-101.817174,5596,cenpop2020
48307,31.148033,-99.338842,7630,cenpop2020
48309,31.53998,-97.174773,260579,cenpop2020
48311,28.438706,-98.523036,600,cenpop2020
48313,30.955832,-95.899678,13455,cenpop2020
48315,32.789481,-94.423174,9725,cenpop2020
48317,32.173602,-101.8275,5237,cenpop2020
48319,30.754424,-99.220235,3953,cenpop2020
48321,28.918149,-95.998903,36255,cenpop2020
48323,28.706412,-100.478172,57887,cenpop2020
48325,29.313933,-98.953359,50748,cenpop2020
48327,30.901087,-99.776701,1962,cenpop2020
48329,32.003156,-102.10655,169983,cenpop2020
48331,30.744263,-97.008624,24754,cenpop2020
48333,31.483977,-98.578378,4456,cenpop2020
48335,32.392285,-100.864009,8990,cenpop2020
48337,33.632783,-97.760712,19965,cenpop2020
48339,30.228848,-95.462136,620443,cenpop2020
48341,35.902872,-101.956502,21358,cenpop2020
48343,33.073156,-94.72288,11973,cenpop2020
48345,34.013578,-100.842931,1063,cenpop2020
48347,31.625667,-94.644584,64653,cenpop2020
48349,32.081317,-96.485996,52624,cenpop2020
48351,30.685761,-93.754831,12217,cenpop2020
48353,32.451081,-100.411741,14738,cenpop2020
48355,27.728576,-97.428318,353178,cenpop2020
48357,36.381051,-100.810093,10015,cenpop2020
48359,35.291939,-102.40757,1758,cenpop2020
48361,30.120218,-93.865826,84808,cenpop2020
48363,32.779308,-98.163963,28409,cenpop2020
48365,32.163354,-94.335132,22491,cenpop2020
48367,32.789424,-97.727364,148222,cenpop2020
48369,34.540661,-102.815696,9869,cenpop2020
48371,30.89706,-102.79926,15193,cenpop2020
48373,30.736484,-94.936813,50123,cenpop2020
48375,35.221526,-101.839818,118525,cenpop2020
48377,29.838522,-104.249357,6131,cenpop2020
48379,32.885663,-95.795059,12164,cenpop2020
48381,35.119788,-101.891409,140753,cenpop2020
48383,31.214335,-101.466333,3385,cenpop2020
48385,29.723692,-99.823692,2758,cenpop2020
48387,33.591924,-95.078313,11587,cenpop2020
48389,31.387128,-103.526322,14748,cenpop2020
48391,28.290523,-97.247591,6741,cenpop2020
48393,35.716278,-100.695549,827,cenpop2020
48395,30.966033,-96.543247,16757,cenpop2020
48397,32.916866,-96.427986,107819,cenpop2020
48399,31.79918,-99.99361,9900,cenpop2020
48401,32.194387,-94.798485,52214,cenpop2020
48403,31.339019,-93.84941,9894,cenpop2020
48405,31.441095,-94.152849,7918,cenpop2020
48407,30.549124,-95.13469,27402,cenpop2020
48409,27.942669,-97.39104,68755,cenpop2020
48411,31.188156,-98.760354,5730,cenpop2020
48413,30.869698,-100.592817,2451,cenpop2020
48415,32.704112,-100.909103,16932,cenpop2020
48417,32.690986,-99.306244,3105,cenpop2020
48419,31.823503,-94.181492,24022,cenpop2020
48421,36.33275,-102.008261,2782,cenpop2020
48423,32.326145,-95.300981,233479,cenpop2020
48425,32.234974,-97.752235,9205,cenpop2020
48427,26.387766,-98.843415,65920,cenpop2020
48429,32.75621,-98.902179,9101,cenpop2020
48431,31.83476,-100.993285,1372,cenpop2020
48433,33.144536,-100.232471,1245,cenpop2020
48435,30.563302,-100.627673,3372,cenpop2020
48437,34.532201,-101.771575,6971,cenpop2020
48439,32.764453,-97.247663,2110640,cenpop2020
48441,32.417775,-99.767126,143208,cenpop2020
48443,30.160108,-102.352197,760,cenpop2020
48445,33.182705,-102.271846,11831,cenpop2020
48447,33.141356,-99.139569,1440,cenpop2020
48449,33.175862,-94.966537,31247,cenpop2020
48451,31.451021,-100.461171,120003,cenpop2020
48453,30.314282,-97.748216,1290188,cenpop2020
48455,30.998905,-95.244685,13602,cenpop2020
48457,30.738682,-94.367741,19798,cenpop2020
48459,32.697929,-94.92227,40892,cenpop2020
48461,31.180959,-102.124982,3308,cenpop2020
48463,29.243318,-99.757846,24564,cenpop2020
48465,29.380944,-100.898072,47586,cenpop2020
48467,32.577505,-95.837646,59541,cenpop2020
48469,28.825017,-96.991571,91319,cenpop2020
48471,30.725832,-95.538696,76400,cenpop2020
48473,29.996824,-95.953615,56794,cenpop2020
48475,31.56929,-102.912603,11644,cenpop2020
48477,30.181502,-96.397834,35805,cenpop2020
48479,27.522979,-99.475549,267114,cenpop2020
48481,29.276712,-96.175435,41570,cenpop2020
48483,35.352532,-100.263458,4990,cenpop2020
48485,33.920901,-98.552501,129350,cenpop2020
48487,34.144872,-99.296953,12887,cenpop2020
48489,26.452376,-97.777449,20164,cenpop2020
48491,30.560987,-97.716991,609017,cenpop2020
48493,29.231356,-98.142982,49753,cenpop2020
48495,31.842332,-103.0992,7791,cenpop2020
48497,33.161791,-97.629879,68632,cenpop2020
48499,32.776047,-95.400092,44843,cenpop2020
48501,33.022609,-102.833127,7694,cenpop2020
48503,33.164283,-98.624184,17867,cenpop2020
48505,26.903441,-99.266007,13889,cenpop2020
48507,28.74941,-99.810168,9670,cenpop2020
49001,38.29808,-112.762542,7072,cenpop2020
49003,41.592632,-112.09841,57666,cenpop2020
49005,41.745425,-111.839724,133154,cenpop2020
49007,39.602446,-110.777569,20412,cenpop2020
49009,40.967095,-109.647096,935,cenpop2020
49011,41.019939,-111.960883,362679,cenpop2020
49013,40.289458,-110.162356,19596,cenpop2020
49015,39.217578,-110.929942,9825,cenpop2020
49017,37.765439,-112.100464,5083,cenpop2020
49019,38.569056,-109.528693,9669,cenpop2020
49021,37.708874,-113.076161,57289,cenpop2020
49023,39.748396,-111.878638,11786,cenpop2020
49025,37.112169,-112.452998,7667,cenpop2020
49027,39.209257,-112.485634,12975,cenpop2020
49029,41.083677,-111.724978,12295,cenpop2020
49031,38.277169,-112.21441,1438,cenpop2020
49033,41.776494,-111.285765,2510,cenpop2020
49035,40.638514,-111.927686,1185238,cenpop2020
49037,37.52052,-109.545503,14518,cenpop2020
49039,39.384535,-111.605199,28437,cenpop2020
49041,38.771786,-112.044688,21522,cenpop2020
49043,40.726848,-111.470958,42357,cenpop2020
49045,40.568237,-112.363002,72698,cenpop2020
49047,40.426449,-109.59027,35620,cenpop2020
49049,40.278299,-111.74994,659399,cenpop2020
49051,40.511436,-111.412185,34788,cenpop2020
49053,37.13018,-113.524041,180279,cenpop2020
49055,38.361712,-111.473883,2486,cenpop2020
49057,41.227609,-111.992699,262223,cenpop2020
50001,44.060543,-73.165381,37363,cenpop2020
50003,42.980347,-73.148622,37347,cenpop2020
50005,44.466488,-72.076449,30233,cenpop2020
50007,44.480291,-73.149824,168323,cenpop2020
50009,44.663681,-71.741708,5920,cenpop2020
50011,44.836315,-72.997625,49946,cenpop2020
50013,44.796249,-73.298725,7293,cenpop2020
50015,44.583725,-72.655635,25945,cenpop2020
50017,43.996141,-72.392814,29277,cenpop2020
50019,44.862555,-72.225524,27393,cenpop2020
50021,43.602602,-73.041302,60572,cenpop2020
50023,44.243309000000004,-72.587175,59807,cenpop2020
50025,42.952898,-72.627862,45905,cenpop2020
50027,43.547294,-72.490571,57753,cenpop2020
51001,37.789059,-75.629449,33413,cenpop2020
51003,38.052435,-78.519241,112395,cenpop2020
51005,37.802458,-79.929858,15223,cenpop2020
51007,37.34151,-77.973985,13265,cenpop2020
51009,37.518911,-79.1035,31307,cenpop2020
51011,37.36019,-78.83702,16119,cenpop2020
51013,38.874744,-77.099874,238643,cenpop2020
51015,38.127146,-79.03105,77487,cenpop2020
51017,38.018911,-79.758923,4209,cenpop2020
51019,37.320204,-79.485385,79462,cenpop2020
51021,37.150078,-81.087264,6270,cenpop2020
51023,37.446422,-79.853138,33596,cenpop2020
51025,36.758266,-77.863297,15849,cenpop2020
51027,37.264124,-82.059132,20355,cenpop2020
51029,37.580161,-78.485095,16824,cenpop2020
51031,37.261518,-79.169047,55696,cenpop2020
51033,38.0087,-77.438652,30887,cenpop2020
51035,36.713036,-80.762136,29155,cenpop2020
51036,37.383394,-77.101446,6773,cenpop2020
51037,37.02206,-78.630278,11529,cenpop2020
51041,37.418312,-77.556155,364548,cenpop2020
51043,39.129417,-77.987382,14783,cenpop2020
51045,37.47542,-80.173756,4892,cenpop2020
51047,38.498243,-77.999051,52552,cenpop2020
51049,37.481359,-78.258673,9675,cenpop2020
51051,37.143369,-82.378751,14124,cenpop2020
51053,37.135652,-77.56051,27947,cenpop2020
51057,37.908781,-76.901329,10599,cenpop2020
51059,38.844726,-77.25911,1150309,cenpop2020
51061,38.695515,-77.774094,72972,cenpop2020
51063,36.943205,-80.342366,15476,cenpop2020
51065,37.888642,-78.301835,27249,cenpop2020
51067,37.02094,-79.857581,54477,cenpop2020
51069,39.166263,-78.188362,91419,cenpop2020
51071,37.318524,-80.717789,16787,cenpop2020
51073,37.37631,-76.529483,38711,cenpop2020
51075,37.70005,-77.83757,24727,cenpop2020
51077,36.645604,-81.114627,15333,cenpop2020
51079,38.250643,-78.419667,20552,cenpop2020
51081,36.723794,-77.536797000000007,11391,cenpop2020
51083,36.748512,-78.926925,34022,cenpop2020
51085,37.686944,-77.418063,109979,cenpop2020
51087,37.604639,-77.498572,334389,cenpop2020
51089,36.6901,-79.902329,50948,cenpop2020
51091,38.386566,-79.570507,2232,cenpop2020
51093,36.92455,-76.644703,38606,cenpop2020
51095,37.297936,-76.75988,78254,cenpop2020
51097,37.69798,-76.891199,6608,cenpop2020
51099,38.290179,-77.163647,26723,cenpop2020
51101,37.705655,-77.062634,17810,cenpop2020
51103,37.703954,-76.435886,10919,cenpop2020
51105,36.714437,-83.102612,22173,cenpop2020
51107,39.034341,-77.51754,420959,cenpop2020
51109,37.982264,-77.971413,37596,cenpop2020
51111,36.970037,-78.216617,11936,cenpop2020
51113,38.376095,-78.234462,13837,cenpop2020
51115,37.445239,-76.342339,8533,cenpop2020
51117,36.690417,-78.318472,30319,cenpop2020
51119,37.601288,-76.503852,10625,cenpop2020
51121,37.189478,-80.413551,99721,cenpop2020
51125,37.812328,-78.87302,14775,cenpop2020
51127,37.497961,-77.041127,22945,cenpop2020
51131,37.388365,-75.919193,12282,cenpop2020
51133,37.888285,-76.408327,11839,cenpop2020
51135,37.1463,-78.078841,15642,cenpop2020
51137,38.271901,-77.954737,36254,cenpop2020
51139,38.60454,-78.500572,23709,cenpop2020
51141,36.654401,-80.284499,17608,cenpop2020
51143,36.76981,-79.411183,60501,cenpop2020
51145,37.54288,-77.875784,30333,cenpop2020
51147,37.257792,-78.422205,21849,cenpop2020
51149,37.219071,-77.300134,43010,cenpop2020
51153,38.691881,-77.411563,482204,cenpop2020
51155,37.082088,-80.703764,33800,cenpop2020
51157,38.695715,-78.123809,7348,cenpop2020
51159,37.947361,-76.716497,8923,cenpop2020
51161,37.270592,-79.990218,96929,cenpop2020
51163,37.787711,-79.427154,22650,cenpop2020
51165,38.452246,-78.83815,83757,cenpop2020
51167,36.935321,-82.086825,25781,cenpop2020
51169,36.683147,-82.596616,21576,cenpop2020
51171,38.870724,-78.526715,44186,cenpop2020
51173,36.828217,-81.574516,29800,cenpop2020
51175,36.717292,-77.067406,17996,cenpop2020
51177,38.238583,-77.569152,140032,cenpop2020
51179,38.415146,-77.45027,156927,cenpop2020
51181,37.116405,-76.868309,6561,cenpop2020
51183,36.973226,-77.212078,10829,cenpop2020
51185,37.146681,-81.564501,40429,cenpop2020
51187,38.927717,-78.178302,40727,cenpop2020
51191,36.702853,-81.972673,53935,cenpop2020
51193,38.160791,-76.854228,18477,cenpop2020
51195,36.951164,-82.612989,36130,cenpop2020
51197,36.919638,-81.06853,28290,cenpop2020
51199,37.174598,-76.495318,70045,cenpop2020
51510,38.819775,-77.091035,159467,cenpop2020
51520,36.610521,-82.169169,17219,cenpop2020
51530,37.733971,-79.352679,6641,cenpop2020
51540,38.033197,-78.490351,46553,cenpop2020
51550,36.755679,-76.282736,249422,cenpop2020
51570,37.264114,-77.401819,18170,cenpop2020
51580,37.781159,-79.989386,5737,cenpop2020
51590,36.591483,-79.409217,42590,cenpop2020
51595,36.692193,-77.541334,5766,cenpop2020
51600,38.851844,-77.302407,24146,cenpop2020
51610,38.883587,-77.174338,14658,cenpop2020
51620,36.679019,-76.937037,8180,cenpop2020
51630,38.299101,-77.483494,27982,cenpop2020
51640,36.666194,-80.918852,6720,cenpop2020
51650,37.043069,-76.367924,137148,cenpop2020
51660,38.4408,-78.868276,51814,cenpop2020
51670,37.289394,-77.305511,23033,cenpop2020
51678,37.784392,-79.443722,7320,cenpop2020
51680,37.39283,-79.190579,79009,cenpop2020
51683,38.75274,-77.475101,42772,cenpop2020
51685,38.772165,-77.448688,17219,cenpop2020
51690,36.682806,-79.863773,13485,cenpop2020
51700,37.090511,-76.496261,186247,cenpop2020
51710,36.896214,-76.260623,238005,cenpop2020
51720,36.937981,-82.623258,3687,cenpop2020
51730,37.209954,-77.395423,33458,cenpop2020
51735,37.131572,-76.381528,12460,cenpop2020
51740,36.833211,-76.35284,97915,cenpop2020
51750,37.128256,-80.559565,16070,cenpop2020
51760,37.535453,-77.466456,226610,cenpop2020
51770,37.27853,-79.96024,100011,cenpop2020
51775,37.286907,-80.056262,25346,cenpop2020
51790,38.157632,-79.07724,25750,cenpop2020
51800,36.781867,-76.551079,94324,cenpop2020
51810,36.821388,-76.100566,459470,cenpop2020
51820,38.072102,-78.898326,22196,cenpop2020
51830,37.275238,-76.710426,15425,cenpop2020
51840,39.174971,-78.170677,28120,cenpop2020
53001,46.864934,-119.031492,20613,cenpop2020
53003,46.388404,-117.06785,22285,cenpop2020
53005,46.229857,-119.276673,206873,cenpop2020
53007,47.530181,-120.344656,79074,cenpop2020
53009,48.094969,-123.436581,77155,cenpop2020
53011,45.680599,-122.56244,503311,cenpop2020
53013,46.323102,-117.976206,3952,cenpop2020
53015,46.135463,-122.894833,110730,cenpop2020
53017,47.504279,-120.178914,42938,cenpop2020
53019,48.617553,-118.520753,7178,cenpop2020
53021,46.303471,-119.125303,96749,cenpop2020
53023,46.472066,-117.577877,2286,cenpop2020
53025,47.14473,-119.466088,99123,cenpop2020
53027,46.991256,-123.767517,75636,cenpop2020
53029,48.2063,-122.576951,86857,cenpop2020
53031,48.010517,-122.820477,32977,cenpop2020
53033,47.550488,-122.230405,2269675,cenpop2020
53035,47.612218,-122.63287,275611,cenpop2020
53037,47.051833,-120.630456,44337,cenpop2020
53039,45.79839,-121.146148,22735,cenpop2020
53041,46.61892,-122.839231,82149,cenpop2020
53043,47.638472,-118.324539,10876,cenpop2020
53045,47.288559,-123.034441,65726,cenpop2020
53047,48.446072,-119.591995,42104,cenpop2020
53049,46.524578,-123.904809,23365,cenpop2020
53051,48.281535,-117.224181,13401,cenpop2020
53053,47.177735,-122.407463,921130,cenpop2020
53055,48.575232,-122.979166,17788,cenpop2020
53057,48.4668,-122.33534,129523,cenpop2020
53059,45.688621,-121.93421,12036,cenpop2020
53061,47.927544,-122.188806,827957,cenpop2020
53063,47.680212,-117.368939,539339,cenpop2020
53065,48.277695,-117.812987,46445,cenpop2020
53067,47.00087,-122.836576,294793,cenpop2020
53069,46.236473,-123.426151,4422,cenpop2020
53071,46.077907,-118.391181,62584,cenpop2020
53073,48.82321,-122.487638,226847,cenpop2020
53075,46.793601,-117.21808,47973,cenpop2020
53077,46.519342,-120.42159,256728,cenpop2020
54001,39.110076,-80.004391,15465,cenpop2020
54003,39.458843,-77.98117,122076,cenpop2020
54005,38.05644,-81.757507,21809,cenpop2020
54007,38.691905,-80.723592,12447,cenpop2020
54009,40.309452,-80.585926,22559,cenpop2020
54011,38.413593,-82.335182,94350,cenpop2020
54013,38.852608,-81.104396,6229,cenpop2020
54015,38.471941,-81.09932,8051,cenpop2020
54017,39.285261,-80.721305,7808,cenpop2020
54019,38.032534,-81.129034,40488,cenpop2020
54021,38.923122,-80.826516,7408,cenpop2020
54023,39.058737,-79.16103,10976,cenpop2020
54025,37.854476,-80.490891,32977,cenpop2020
54027,39.329412,-78.610531,23093,cenpop2020
54029,40.477168,-80.568865,29095,cenpop2020
54031,39.039184,-78.88137,14299,cenpop2020
54033,39.287852,-80.338827,65921,cenpop2020
54035,38.83984,-81.713096,27791,cenpop2020
54037,39.313836,-77.847631,57701,cenpop2020
54039,38.363316,-81.658246,180745,cenpop2020
54041,39.034218,-80.4678,17033,cenpop2020
54043,38.201811,-82.066388,20463,cenpop2020
54045,37.856159,-81.972493,32567,cenpop2020
54047,37.396396,-81.656256,19111,cenpop2020
54049,39.484338,-80.178811,56205,cenpop2020
54051,39.928298,-80.704828,30591,cenpop2020
54053,38.827547,-82.058308,25453,cenpop2020
54055,37.352588,-81.138228,59664,cenpop2020
54057,39.46477,-78.909653,26938,cenpop2020
54059,37.704029,-82.153272,23568,cenpop2020
54061,39.636527,-79.956836,105822,cenpop2020
54063,37.524766,-80.641965,12376,cenpop2020
54065,39.580983,-78.223029,17063,cenpop2020
54067,38.278413,-80.77232,24604,cenpop2020
54069,40.078539,-80.672291,42425,cenpop2020
54071,38.672348,-79.337977,6143,cenpop2020
54073,39.383391,-81.192758,7653,cenpop2020
54075,38.286975,-80.021443,7869,cenpop2020
54077,39.50551,-79.669791,34216,cenpop2020
54079,38.474402,-81.929372,57440,cenpop2020
54081,37.77054,-81.200033,74591,cenpop2020
54083,38.870878,-79.872452,27932,cenpop2020
54085,39.217711,-81.041532,8444,cenpop2020
54087,38.728527,-81.345745,14028,cenpop2020
54089,37.665228,-80.849424,11959,cenpop2020
54091,39.33862,-80.066874,16705,cenpop2020
54093,39.110662,-79.602086,6762,cenpop2020
54095,39.51456,-80.930534,8313,cenpop2020
54097,38.954081,-80.228505,23816,cenpop2020
54099,38.267338,-82.494193,38982,cenpop2020
54101,38.469754,-80.476189,8378,cenpop2020
54103,39.630012,-80.768843,14442,cenpop2020
54105,39.05422,-81.394474,5194,cenpop2020
54107,39.266981,-81.530587,84296,cenpop2020
54109,37.628585,-81.567271,21382,cenpop2020
55001,43.946194,-89.78312,20654,cenpop2020
55003,46.475919,-90.785419,16027,cenpop2020
55005,45.437002,-91.815142,46711,cenpop2020
55007,46.594106,-91.104441,16220,cenpop2020
55009,44.497155,-88.034145,268740,cenpop2020
55011,44.380158,-91.74144,13317,cenpop2020
55013,45.836891,-92.403811,16526,cenpop2020
55015,44.152617,-88.262936,52442,cenpop2020
55017,44.984928,-91.328087,66297,cenpop2020
55019,44.78814,-90.550998,34659,cenpop2020
55021,43.460151,-89.366154,58490,cenpop2020
55023,43.165384,-91.005118,16113,cenpop2020
55025,43.07564,-89.395501,561504,cenpop2020
55027,43.435904,-88.713062,89396,cenpop2020
55029,44.915074,-87.335769,30066,cenpop2020
55031,46.628582,-92.01483,44295,cenpop2020
55033,44.914658,-91.892915,45440,cenpop2020
55035,44.790208,-91.454792,105710,cenpop2020
55037,45.853651,-88.244316,4558,cenpop2020
55039,43.765547,-88.487004,104154,cenpop2020
55041,45.563411,-88.812092,9179,cenpop2020
55043,42.827213,-90.612643,51938,cenpop2020
55045,42.673838,-89.575106,37093,cenpop2020
55047,43.845067,-89.014675,19018,cenpop2020
55049,42.981998,-90.12223,23709,cenpop2020
55051,46.343183,-90.189954,6137,cenpop2020
55053,44.320677,-90.903038,21145,cenpop2020
55055,43.040342,-88.785594,84900,cenpop2020
55057,43.843115,-90.09764,26718,cenpop2020
55059,42.572393,-87.924047,169151,cenpop2020
55061,44.527818,-87.591703,20563,cenpop2020
55063,43.861018,-91.208863,120784,cenpop2020
55065,42.663323,-90.140565,16611,cenpop2020
55067,45.185054,-89.104985,19491,cenpop2020
55069,45.288548,-89.686454,28415,cenpop2020
55071,44.10361,-87.724344,81359,cenpop2020
55073,44.907455,-89.707823,138013,cenpop2020
55075,45.219097,-87.848007,41872,cenpop2020
55077,43.810948,-89.407897,15592,cenpop2020
55078,44.912634,-88.635691,4255,cenpop2020
55079,43.031416,-87.959526,939489,cenpop2020
55081,43.942578,-90.644211,46274,cenpop2020
55083,44.895367,-88.146318,38965,cenpop2020
55085,45.71099,-89.493946,37845,cenpop2020
55087,44.308666,-88.401368,190705,cenpop2020
55089,43.31881,-87.950093,91503,cenpop2020
55091,44.591768,-91.987424,7318,cenpop2020
55093,44.77335,-92.547747,42212,cenpop2020
55095,45.404946,-92.481404,44977,cenpop2020
55097,44.498026,-89.526076,70377,cenpop2020
55099,45.724359,-90.39805,14054,cenpop2020
55101,42.735037,-87.928046,197727,cenpop2020
55103,43.350268,-90.390394,17304,cenpop2020
55105,42.65481,-89.037935,163687,cenpop2020
55107,45.44497,-91.130594,14188,cenpop2020
55109,45.017968,-92.580626,93536,cenpop2020
55111,43.449264,-89.868041,65763,cenpop2020
55113,45.938054,-91.345247,18074,cenpop2020
55115,44.786908,-88.681002,40881,cenpop2020
55117,43.733622,-87.819076,118034,cenpop2020
55119,45.172334,-90.408593,19913,cenpop2020
55121,44.287418,-91.363458,30760,cenpop2020
55123,43.605271,-90.835696,30714,cenpop2020
55125,45.988218,-89.496963,23047,cenpop2020
55127,42.662934,-88.540338,106478,cenpop2020
55129,45.848159,-91.835392,16623,cenpop2020
55131,43.345574,-88.216407,136761,cenpop2020
55133,43.03596,-88.236186,406978,cenpop2020
55135,44.432697,-88.937028,51812,cenpop2020
55137,44.101477,-89.225784,24520,cenpop2020
55139,44.101514,-88.540906,171730,cenpop2020
55141,44.478457,-89.962546,74207,cenpop2020
56001,41.313442,-105.596073,37066,cenpop2020
56003,44.635296,-108.250971,11521,cenpop2020
56005,44.257046,-105.495519,47026,cenpop2020
56007,41.659869,-107.078124,14537,cenpop2020
56009,42.788528,-105.520738,13751,cenpop2020
56011,44.434922,-104.619744,7181,cenpop2020
56013,43.010698,-108.609469,39234,cenpop2020
56015,42.050142,-104.220172,12498,cenpop2020
56017,43.661523,-108.232641,4621,cenpop2020
56019,44.288278,-106.695709,8447,cenpop2020
56021,41.153937,-104.771336,100512,cenpop2020
56023,42.648291,-110.872872,19581,cenpop2020
56025,42.842184,-106.335315,79955,cenpop2020
56027,42.810897,-104.450987,2467,cenpop2020
56029,44.614008,-108.97254,29624,cenpop2020
56031,42.106509,-104.929825,8605,cenpop2020
56033,44.780986,-106.977846,30921,cenpop2020
56035,42.807278,-109.943507,8728,cenpop2020
56037,41.580564,-109.302521,42272,cenpop2020
56039,43.491744,-110.785815,23331,cenpop2020
56041,41.271502,-110.760395,20450,cenpop2020
56043,44.012223,-107.905059,7685,cenpop2020
56045,43.908449,-104.304384,6838,cenpop2020
72001,18.173646,-66.740925,18020,cenpop2020
72003,18.362557,-67.176449,38136,cenpop2020
72005,18.459888,-67.12633,55101,cenpop2020
72007,18.24874,-66.122947,24223,cenpop2020
72009,18.137305,-66.268687,24637,cenpop2020
72011,18.290392,-67.139988,25596,cenpop2020
72013,18.439048,-66.69096,87754,cenpop2020
72015,17.984834,-66.054877,15843,cenpop2020
72017,18.444507,-66.5587,22657,cenpop2020
72019,18.203009,-66.311406,28983,cenpop2020
72021,18.37294,-66.168187,185187,cenpop2020
72023,18.070386,-67.156738,47158,cenpop2020
72025,18.226891,-66.045972,127244,cenpop2020
72027,18.444506,-66.863259,32827,cenpop2020
72029,18.359601,-65.895249,42337,cenpop2020
72031,18.392727,-65.971732,154815,cenpop2020
72033,18.436657,-66.141417,23155,cenpop2020
72035,18.119389,-66.150454,41652,cenpop2020
72037,18.262878,-65.656285,11307,cenpop2020
72039,18.314892,-66.493664,16984,cenpop2020
72041,18.171979,-66.151298,39970,cenpop2020
72043,18.078888,-66.361654,34668,cenpop2020
72045,18.226917,-66.223805,18883,cenpop2020
72047,18.31652,-66.322897,34571,cenpop2020
72049,18.311911,-65.301885,1792,cenpop2020
72051,18.440335,-66.284058,35879,cenpop2020
72053,18.327234,-65.656969,32124,cenpop2020
72054,18.368416,-66.563073,11692,cenpop2020
72055,17.985564,-66.912035,13787,cenpop2020
72057,17.981079,-66.120144,36614,cenpop2020
72059,18.03273,-66.793032,17784,cenpop2020
72061,18.366345,-66.113295,89780,cenpop2020
72063,18.253807,-65.979538,40622,cenpop2020
72065,18.440804,-66.797657,38486,cenpop2020
72067,18.141179,-67.120847,15654,cenpop2020
72069,18.141972,-65.816921,50896,cenpop2020
72071,18.473708,-67.018163,42943,cenpop2020
72073,18.21663,-66.593669,14779,cenpop2020
72075,18.040776,-66.503885,46538,cenpop2020
72077,18.223898,-65.913785,37012,cenpop2020
72079,18.032554,-67.046992,23334,cenpop2020
72081,18.293906,-66.870739,28105,cenpop2020
72083,18.242125,-66.993323,8874,cenpop2020
72085,18.180422,-65.873796,35180,cenpop2020
72087,18.418901,-65.869088,23693,cenpop2020
72089,18.361491,-65.723304,17781,cenpop2020
72091,18.427989,-66.482736,39492,cenpop2020
72093,18.176418,-66.955125,4755,cenpop2020
72095,18.010392,-65.90469,10589,cenpop2020
72097,18.200407,-67.132661,73077,cenpop2020
72099,18.380886,-67.083785,37460,cenpop2020
72101,18.328822,-66.412994,28727,cenpop2020
72103,18.218695,-65.749375,23386,cenpop2020
72105,18.292637,-66.251108,29241,cenpop2020
72107,18.222018,-66.406737,21434,cenpop2020
72109,18.007498,-66.00459,15985,cenpop2020
72111,18.058586,-66.722282,20399,cenpop2020
72113,18.02175,-66.616993,137491,cenpop2020
72115,18.45455,-66.92736,23638,cenpop2020
72117,18.334123,-67.233645,15187,cenpop2020
72119,18.367271,-65.827512,47060,cenpop2020
72121,18.070416,-66.950547,22729,cenpop2020
72123,17.991105,-66.260357,25789,cenpop2020
72125,18.096123,-67.041209,31879,cenpop2020
72127,18.401963,-66.056207,342259,cenpop2020
72129,18.171583,-65.972121,37693,cenpop2020
72131,18.335187,-66.982212,39345,cenpop2020
72133,17.98922,-66.394622,20281,cenpop2020
72135,18.367369,-66.229556,66852,cenpop2020
72137,18.429333,-66.201719,75293,cenpop2020
72139,18.35072,-66.008142,67740,cenpop2020
72141,18.268678,-66.707197,28287,cenpop2020
72143,18.423353,-66.331592,35395,cenpop2020
72145,18.439692,-66.399082,54414,cenpop2020
72147,18.134221,-65.448953,8249,cenpop2020
72149,18.123806,-66.486557,22093,cenpop2020
72151,18.068957,-65.885852,30426,cenpop2020
72153,18.043328,-66.859541,34172,cenpop2020
